incidence_id,charger_id,reported_at,priority,status,description,estimated_duration_min,final_duration_min,resolved_at
361,91,2026-01-27 07:16:22.120868,Visita de diagnosi,Tancada,El connector Tipus 2 presenta signes de cremades o desgast extrem.,121,59.0,2026-01-27 08:15:22.120868
418,1,2024-10-18 13:02:19.470463,Posada en marxa,En curs,Carcassa exterior danyada per impacte d'un vehicle.,125,,
2,44,2025-08-09 22:29:22.808174,Visita de diagnosi,Tancada,Error intern de l'inversor de potència reportat per telemetria.,87,91.0,2025-08-10 00:00:22.808174
7,62,2025-03-04 22:53:00.885647,Visita de diagnosi,Tancada,El lector RFID no emet cap so ni reconeix les targetes dels usuaris.,90,61.0,2025-03-04 23:54:00.885647
14,32,2025-08-01 02:18:02.907445,Correctiu crític,Tancada,S'ha detectat un error en el sistema de ventilació/refrigeració.,109,255.0,2025-08-01 06:33:02.907445
15,32,2025-05-09 12:24:23.661831,Correctiu crític,Tancada,Pèrdua de connexió amb el servidor central (OCPP timeout).,112,243.0,2025-05-09 16:27:23.661831
17,50,2025-10-03 23:12:32.586180,Posada en marxa,Tancada,El lector RFID no emet cap so ni reconeix les targetes dels usuaris.,67,169.0,2025-10-04 02:01:32.586180
23,43,2024-08-17 20:07:51.754570,Correctiu crític,Tancada,El lector RFID no emet cap so ni reconeix les targetes dels usuaris.,121,242.0,2024-08-18 00:09:51.754570
26,58,2026-02-28 22:44:08.325510,Visita de diagnosi,Tancada,Salt de les proteccions elèctriques (diferencial) en iniciar la sessió.,33,50.0,2026-02-28 23:34:08.325510
28,74,2024-04-11 00:08:40.665705,Posada en marxa,Tancada,Error intern de l'inversor de potència reportat per telemetria.,63,177.0,2024-04-11 03:05:40.665705
35,49,2025-08-28 22:33:38.755252,Correctiu no crític,Tancada,Error intern de l'inversor de potència reportat per telemetria.,100,116.0,2025-08-29 00:29:38.755252
38,38,2024-03-30 12:28:01.780994,Posada en marxa,Tancada,El lector RFID no emet cap so ni reconeix les targetes dels usuaris.,50,126.0,2024-03-30 14:34:01.780994
39,22,2024-10-04 11:17:25.004396,Correctiu no crític,Tancada,Revisió periòdica i preventiva segons l'acord de nivell de servei (SLA).,46,164.0,2024-10-04 14:01:25.004396
42,4,2024-03-08 06:56:52.621346,Manteniment preventiu programat,Tancada,Punt de recàrrega fora de línia des de fa més de 24 hores.,98,82.0,2024-03-08 08:18:52.621346
467,29,2024-01-30 20:13:37.678599,Posada en marxa,Pendent,La potència de càrrega està limitada i no passa de 11kW.,78,,
47,26,2024-02-03 06:07:09.598888,Posada en marxa,Tancada,El client reporta que el cable s'ha quedat bloquejat al vehicle.,141,129.0,2024-02-03 08:16:09.598888
48,51,2024-04-17 23:06:45.012485,Visita de diagnosi,Tancada,Salt de les proteccions elèctriques (diferencial) en iniciar la sessió.,76,52.0,2024-04-17 23:58:45.012485
50,99,2024-02-01 04:26:51.577352,Correctiu no crític,Tancada,El client reporta que el cable s'ha quedat bloquejat al vehicle.,46,128.0,2024-02-01 06:34:51.577352
53,64,2025-06-01 18:09:09.693613,Correctiu crític,Tancada,Carcassa exterior danyada per impacte d'un vehicle.,43,221.0,2025-06-01 21:50:09.693613
57,82,2024-07-31 03:38:58.168482,Visita de diagnosi,Tancada,El client reporta que el cable s'ha quedat bloquejat al vehicle.,146,104.0,2024-07-31 05:22:58.168482
61,92,2024-01-05 09:28:58.521569,Correctiu no crític,Tancada,Punt de recàrrega fora de línia des de fa més de 24 hores.,139,111.0,2024-01-05 11:19:58.521569
62,93,2026-03-04 21:26:44.681605,Posada en marxa,Tancada,La pantalla està completament en negre i no respon als tocs.,96,139.0,2026-03-04 23:45:44.681605
64,24,2025-07-10 06:28:48.599413,Correctiu no crític,Tancada,Pèrdua de connexió amb el servidor central (OCPP timeout).,77,132.0,2025-07-10 08:40:48.599413
66,32,2025-05-10 13:53:16.826499,Posada en marxa,Tancada,Pèrdua de connexió amb el servidor central (OCPP timeout).,71,162.0,2025-05-10 16:35:16.826499
68,72,2024-05-04 23:44:05.331853,Correctiu no crític,Tancada,La potència de càrrega està limitada i no passa de 11kW.,31,136.0,2024-05-05 02:00:05.331853
72,13,2026-03-27 09:30:27.337288,Visita de diagnosi,Tancada,Revisió periòdica i preventiva segons l'acord de nivell de servei (SLA).,60,60.0,2026-03-27 10:30:27.337288
76,57,2025-03-27 06:49:43.176417,Correctiu crític,Tancada,S'ha detectat un error en el sistema de ventilació/refrigeració.,69,229.0,2025-03-27 10:38:43.176417
84,88,2024-01-31 04:10:40.218078,Correctiu no crític,Tancada,S'ha detectat un error en el sistema de ventilació/refrigeració.,69,103.0,2024-01-31 05:53:40.218078
89,48,2025-11-04 11:31:36.889494,Posada en marxa,Tancada,S'ha detectat un error en el sistema de ventilació/refrigeració.,117,143.0,2025-11-04 13:54:36.889494
92,56,2026-03-07 18:18:43.155432,Correctiu no crític,Tancada,La potència de càrrega està limitada i no passa de 11kW.,94,108.0,2026-03-07 20:06:43.155432
95,6,2025-08-26 11:45:18.946088,Visita de diagnosi,Tancada,La potència de càrrega està limitada i no passa de 11kW.,54,55.0,2025-08-26 12:40:18.946088
99,84,2025-03-14 23:37:09.928353,Visita de diagnosi,Tancada,El connector Tipus 2 presenta signes de cremades o desgast extrem.,59,47.0,2025-03-15 00:24:09.928353
100,45,2024-12-27 00:38:46.499088,Manteniment preventiu programat,Tancada,Punt de recàrrega fora de línia des de fa més de 24 hores.,88,31.0,2024-12-27 01:09:46.499088
102,6,2024-08-16 19:37:46.139818,Correctiu no crític,Tancada,Punt de recàrrega fora de línia des de fa més de 24 hores.,33,127.0,2024-08-16 21:44:46.139818
103,8,2024-02-09 16:34:47.242485,Correctiu no crític,Tancada,El lector RFID no emet cap so ni reconeix les targetes dels usuaris.,54,103.0,2024-02-09 18:17:47.242485
104,33,2024-08-25 06:20:09.564617,Correctiu no crític,Tancada,La potència de càrrega està limitada i no passa de 11kW.,122,172.0,2024-08-25 09:12:09.564617
105,56,2024-04-07 13:59:58.022562,Visita de diagnosi,Tancada,El lector RFID no emet cap so ni reconeix les targetes dels usuaris.,106,49.0,2024-04-07 14:48:58.022562
106,40,2025-11-24 06:51:17.355586,Manteniment preventiu programat,Tancada,La potència de càrrega està limitada i no passa de 11kW.,129,80.0,2025-11-24 08:11:17.355586
107,5,2024-07-18 20:48:06.223776,Correctiu crític,Tancada,Pèrdua de connexió amb el servidor central (OCPP timeout).,82,238.0,2024-07-19 00:46:06.223776
108,29,2024-10-17 20:01:35.497009,Correctiu no crític,Tancada,Revisió periòdica i preventiva segons l'acord de nivell de servei (SLA).,94,102.0,2024-10-17 21:43:35.497009
112,2,2025-03-20 16:41:42.247968,Manteniment preventiu programat,Tancada,El connector Tipus 2 presenta signes de cremades o desgast extrem.,109,35.0,2025-03-20 17:16:42.247968
117,91,2026-02-18 09:41:14.669466,Manteniment preventiu programat,Tancada,S'ha detectat un error en el sistema de ventilació/refrigeració.,42,39.0,2026-02-18 10:20:14.669466
126,91,2025-08-31 03:29:00.510224,Correctiu no crític,Tancada,Salt de les proteccions elèctriques (diferencial) en iniciar la sessió.,83,126.0,2025-08-31 05:35:00.510224
128,30,2025-09-16 09:39:44.555295,Correctiu crític,Tancada,S'ha detectat un error en el sistema de ventilació/refrigeració.,30,226.0,2025-09-16 13:25:44.555295
140,14,2024-01-17 09:09:49.035547,Correctiu no crític,Tancada,Pèrdua de connexió amb el servidor central (OCPP timeout).,86,102.0,2024-01-17 10:51:49.035547
143,36,2024-09-04 15:50:33.980891,Correctiu crític,Tancada,Pèrdua de connexió amb el servidor central (OCPP timeout).,105,237.0,2024-09-04 19:47:33.980891
144,43,2024-05-18 19:29:59.558793,Correctiu no crític,Tancada,La pantalla està completament en negre i no respon als tocs.,113,139.0,2024-05-18 21:48:59.558793
145,13,2024-01-01 15:28:10.281646,Visita de diagnosi,Tancada,La pantalla està completament en negre i no respon als tocs.,50,52.0,2024-01-01 16:20:10.281646
146,88,2024-09-03 12:40:03.962349,Manteniment preventiu programat,Tancada,Error intern de l'inversor de potència reportat per telemetria.,101,33.0,2024-09-03 13:13:03.962349
147,46,2024-03-23 02:57:14.683007,Manteniment preventiu programat,Tancada,El client reporta que el cable s'ha quedat bloquejat al vehicle.,51,74.0,2024-03-23 04:11:14.683007
151,75,2024-04-06 04:22:09.254599,Visita de diagnosi,Tancada,Error intern de l'inversor de potència reportat per telemetria.,145,64.0,2024-04-06 05:26:09.254599
152,63,2025-12-10 12:09:36.430403,Posada en marxa,Tancada,La potència de càrrega està limitada i no passa de 11kW.,42,141.0,2025-12-10 14:30:36.430403
153,97,2024-12-27 08:57:02.922020,Posada en marxa,Tancada,La pantalla està completament en negre i no respon als tocs.,64,164.0,2024-12-27 11:41:02.922020
157,11,2025-07-04 07:09:31.978792,Correctiu crític,Tancada,El connector Tipus 2 presenta signes de cremades o desgast extrem.,92,208.0,2025-07-04 10:37:31.978792
162,91,2024-03-09 05:04:24.530586,Manteniment preventiu programat,Tancada,El lector RFID no emet cap so ni reconeix les targetes dels usuaris.,58,37.0,2024-03-09 05:41:24.530586
166,86,2024-08-18 11:45:09.386977,Manteniment preventiu programat,Tancada,Salt de les proteccions elèctriques (diferencial) en iniciar la sessió.,82,83.0,2024-08-18 13:08:09.386977
167,68,2025-11-15 22:13:03.348297,Visita de diagnosi,Tancada,La pantalla està completament en negre i no respon als tocs.,51,61.0,2025-11-15 23:14:03.348297
177,79,2025-08-18 14:04:23.785648,Correctiu crític,Tancada,El lector RFID no emet cap so ni reconeix les targetes dels usuaris.,56,237.0,2025-08-18 18:01:23.785648
179,92,2025-03-27 22:26:48.841580,Posada en marxa,Tancada,Punt de recàrrega fora de línia des de fa més de 24 hores.,136,126.0,2025-03-28 00:32:48.841580
181,95,2024-08-09 16:37:02.816618,Manteniment preventiu programat,Tancada,S'ha detectat un error en el sistema de ventilació/refrigeració.,106,72.0,2024-08-09 17:49:02.816618
193,31,2025-12-07 21:58:25.202488,Visita de diagnosi,Tancada,El lector RFID no emet cap so ni reconeix les targetes dels usuaris.,85,47.0,2025-12-07 22:45:25.202488
194,78,2024-06-07 06:49:17.567259,Correctiu no crític,Tancada,Error intern de l'inversor de potència reportat per telemetria.,65,97.0,2024-06-07 08:26:17.567259
196,71,2026-02-21 08:32:18.723502,Manteniment preventiu programat,Tancada,Pèrdua de connexió amb el servidor central (OCPP timeout).,54,44.0,2026-02-21 09:16:18.723502
197,72,2025-07-16 23:42:57.832040,Visita de diagnosi,Tancada,Carcassa exterior danyada per impacte d'un vehicle.,80,90.0,2025-07-17 01:12:57.832040
199,66,2026-03-23 15:03:36.867845,Manteniment preventiu programat,Tancada,Pèrdua de connexió amb el servidor central (OCPP timeout).,49,30.0,2026-03-23 15:33:36.867845
206,12,2024-09-03 08:31:22.317373,Correctiu no crític,Tancada,Revisió periòdica i preventiva segons l'acord de nivell de servei (SLA).,85,172.0,2024-09-03 11:23:22.317373
216,36,2024-09-28 09:08:26.400107,Manteniment preventiu programat,Tancada,Punt de recàrrega fora de línia des de fa més de 24 hores.,127,71.0,2024-09-28 10:19:26.400107
217,36,2025-05-02 02:09:13.077338,Manteniment preventiu programat,Tancada,Punt de recàrrega fora de línia des de fa més de 24 hores.,106,71.0,2025-05-02 03:20:13.077338
219,44,2025-09-29 04:46:26.648549,Posada en marxa,Tancada,El lector RFID no emet cap so ni reconeix les targetes dels usuaris.,60,162.0,2025-09-29 07:28:26.648549
221,47,2025-08-15 06:51:43.524525,Correctiu no crític,Tancada,La pantalla està completament en negre i no respon als tocs.,41,161.0,2025-08-15 09:32:43.524525
227,61,2024-04-03 00:01:15.319620,Visita de diagnosi,Tancada,El lector RFID no emet cap so ni reconeix les targetes dels usuaris.,47,63.0,2024-04-03 01:04:15.319620
228,45,2025-01-03 01:18:43.444692,Posada en marxa,Tancada,Pèrdua de connexió amb el servidor central (OCPP timeout).,142,147.0,2025-01-03 03:45:43.444692
236,16,2024-09-04 10:25:13.296896,Posada en marxa,Tancada,La potència de càrrega està limitada i no passa de 11kW.,33,145.0,2024-09-04 12:50:13.296896
240,45,2024-01-18 21:52:14.080842,Correctiu crític,Tancada,El connector Tipus 2 presenta signes de cremades o desgast extrem.,63,189.0,2024-01-19 01:01:14.080842
242,86,2024-05-11 21:19:41.483200,Posada en marxa,Tancada,La potència de càrrega està limitada i no passa de 11kW.,85,182.0,2024-05-12 00:21:41.483200
243,8,2024-02-18 03:18:10.671096,Correctiu crític,Tancada,El client reporta que el cable s'ha quedat bloquejat al vehicle.,49,240.0,2024-02-18 07:18:10.671096
246,35,2024-01-11 03:30:17.229745,Correctiu crític,Tancada,La potència de càrrega està limitada i no passa de 11kW.,134,231.0,2024-01-11 07:21:17.229745
247,55,2025-08-18 14:12:24.688139,Correctiu no crític,Tancada,S'ha detectat un error en el sistema de ventilació/refrigeració.,76,104.0,2025-08-18 15:56:24.688139
253,75,2024-06-23 11:42:25.062612,Manteniment preventiu programat,Tancada,Punt de recàrrega fora de línia des de fa més de 24 hores.,37,43.0,2024-06-23 12:25:25.062612
254,60,2024-11-30 01:03:25.001184,Correctiu crític,Tancada,El client reporta que el cable s'ha quedat bloquejat al vehicle.,58,255.0,2024-11-30 05:18:25.001184
256,84,2024-04-11 11:10:02.988372,Correctiu crític,Tancada,El lector RFID no emet cap so ni reconeix les targetes dels usuaris.,87,232.0,2024-04-11 15:02:02.988372
257,76,2024-05-20 05:44:20.436544,Posada en marxa,Tancada,El connector Tipus 2 presenta signes de cremades o desgast extrem.,92,180.0,2024-05-20 08:44:20.436544
258,82,2025-08-23 09:23:41.725194,Correctiu no crític,Tancada,El connector Tipus 2 presenta signes de cremades o desgast extrem.,63,156.0,2025-08-23 11:59:41.725194
259,39,2026-01-03 15:39:20.492516,Posada en marxa,Tancada,S'ha detectat un error en el sistema de ventilació/refrigeració.,107,136.0,2026-01-03 17:55:20.492516
260,44,2026-02-18 12:47:10.927480,Posada en marxa,Tancada,El client reporta que el cable s'ha quedat bloquejat al vehicle.,109,186.0,2026-02-18 15:53:10.927480
266,67,2025-10-07 17:05:20.378194,Posada en marxa,Tancada,Salt de les proteccions elèctriques (diferencial) en iniciar la sessió.,143,123.0,2025-10-07 19:08:20.378194
270,54,2025-09-18 06:41:50.299257,Correctiu no crític,Tancada,S'ha detectat un error en el sistema de ventilació/refrigeració.,42,167.0,2025-09-18 09:28:50.299257
271,92,2024-05-28 20:10:28.828142,Visita de diagnosi,Tancada,S'ha detectat un error en el sistema de ventilació/refrigeració.,51,55.0,2024-05-28 21:05:28.828142
274,41,2024-04-26 06:26:46.024413,Manteniment preventiu programat,Tancada,Pèrdua de connexió amb el servidor central (OCPP timeout).,86,84.0,2024-04-26 07:50:46.024413
278,76,2024-12-28 19:25:13.522871,Posada en marxa,Tancada,Revisió periòdica i preventiva segons l'acord de nivell de servei (SLA).,142,180.0,2024-12-28 22:25:13.522871
282,13,2024-11-26 14:50:46.942734,Posada en marxa,Tancada,El connector Tipus 2 presenta signes de cremades o desgast extrem.,66,139.0,2024-11-26 17:09:46.942734
286,54,2026-01-24 12:53:51.724223,Posada en marxa,Tancada,El connector Tipus 2 presenta signes de cremades o desgast extrem.,49,188.0,2026-01-24 16:01:51.724223
287,42,2025-01-31 23:14:57.026345,Correctiu crític,Tancada,Punt de recàrrega fora de línia des de fa més de 24 hores.,115,232.0,2025-02-01 03:06:57.026345
290,97,2024-01-19 14:26:20.966959,Posada en marxa,Tancada,El client reporta que el cable s'ha quedat bloquejat al vehicle.,107,174.0,2024-01-19 17:20:20.966959
294,63,2024-08-16 07:09:22.266489,Correctiu crític,Tancada,S'ha detectat un error en el sistema de ventilació/refrigeració.,45,189.0,2024-08-16 10:18:22.266489
297,96,2025-02-06 08:02:59.270438,Correctiu no crític,Tancada,Revisió periòdica i preventiva segons l'acord de nivell de servei (SLA).,32,149.0,2025-02-06 10:31:59.270438
300,77,2025-02-24 22:08:30.306278,Correctiu crític,Tancada,Punt de recàrrega fora de línia des de fa més de 24 hores.,94,201.0,2025-02-25 01:29:30.306278
303,80,2025-10-26 13:23:31.087910,Manteniment preventiu programat,Tancada,La pantalla està completament en negre i no respon als tocs.,37,34.0,2025-10-26 13:57:31.087910
304,91,2025-08-14 10:51:09.397504,Correctiu crític,Tancada,Carcassa exterior danyada per impacte d'un vehicle.,53,207.0,2025-08-14 14:18:09.397504
305,81,2024-06-05 02:49:13.148391,Correctiu no crític,Tancada,Carcassa exterior danyada per impacte d'un vehicle.,62,155.0,2024-06-05 05:24:13.148391
310,41,2025-05-11 17:23:23.244094,Manteniment preventiu programat,Tancada,El client reporta que el cable s'ha quedat bloquejat al vehicle.,137,73.0,2025-05-11 18:36:23.244094
313,28,2025-02-19 16:28:16.302840,Visita de diagnosi,Tancada,La potència de càrrega està limitada i no passa de 11kW.,121,51.0,2025-02-19 17:19:16.302840
326,16,2024-10-30 21:30:06.861507,Posada en marxa,Tancada,Pèrdua de connexió amb el servidor central (OCPP timeout).,62,146.0,2024-10-30 23:56:06.861507
328,7,2025-07-15 14:18:14.861091,Visita de diagnosi,Tancada,Pèrdua de connexió amb el servidor central (OCPP timeout).,90,54.0,2025-07-15 15:12:14.861091
332,32,2025-07-21 09:30:58.181699,Visita de diagnosi,Tancada,El client reporta que el cable s'ha quedat bloquejat al vehicle.,60,86.0,2025-07-21 10:56:58.181699
336,16,2026-02-07 05:35:46.677072,Manteniment preventiu programat,Tancada,La pantalla està completament en negre i no respon als tocs.,48,44.0,2026-02-07 06:19:46.677072
337,50,2025-06-25 04:26:23.095556,Manteniment preventiu programat,Tancada,S'ha detectat un error en el sistema de ventilació/refrigeració.,129,76.0,2025-06-25 05:42:23.095556
340,14,2025-01-01 22:22:41.054219,Correctiu no crític,Tancada,Carcassa exterior danyada per impacte d'un vehicle.,58,98.0,2025-01-02 00:00:41.054219
342,30,2024-03-12 09:53:16.764380,Correctiu no crític,Tancada,Carcassa exterior danyada per impacte d'un vehicle.,117,131.0,2024-03-12 12:04:16.764380
343,85,2025-04-05 07:01:46.185838,Visita de diagnosi,Tancada,Revisió periòdica i preventiva segons l'acord de nivell de servei (SLA).,102,48.0,2025-04-05 07:49:46.185838
345,80,2025-10-14 09:37:03.396949,Correctiu no crític,Tancada,El lector RFID no emet cap so ni reconeix les targetes dels usuaris.,84,104.0,2025-10-14 11:21:03.396949
349,32,2024-06-24 08:57:30.335110,Visita de diagnosi,Tancada,El lector RFID no emet cap so ni reconeix les targetes dels usuaris.,88,89.0,2024-06-24 10:26:30.335110
350,57,2025-03-12 14:01:17.970589,Correctiu crític,Tancada,La pantalla està completament en negre i no respon als tocs.,122,260.0,2025-03-12 18:21:17.970589
356,94,2025-02-19 11:08:58.940459,Manteniment preventiu programat,Tancada,Pèrdua de connexió amb el servidor central (OCPP timeout).,107,40.0,2025-02-19 11:48:58.940459
359,70,2026-03-24 02:00:53.092599,Correctiu crític,Tancada,Punt de recàrrega fora de línia des de fa més de 24 hores.,126,199.0,2026-03-24 05:19:53.092599
362,70,2025-01-21 06:08:10.332878,Correctiu no crític,Tancada,El connector Tipus 2 presenta signes de cremades o desgast extrem.,67,112.0,2025-01-21 08:00:10.332878
363,16,2024-06-16 04:58:15.969567,Correctiu no crític,Tancada,Pèrdua de connexió amb el servidor central (OCPP timeout).,132,125.0,2024-06-16 07:03:15.969567
364,82,2024-12-25 06:46:00.878397,Manteniment preventiu programat,Tancada,Punt de recàrrega fora de línia des de fa més de 24 hores.,62,82.0,2024-12-25 08:08:00.878397
365,86,2024-04-08 03:29:48.863133,Visita de diagnosi,Tancada,La pantalla està completament en negre i no respon als tocs.,96,94.0,2024-04-08 05:03:48.863133
370,51,2024-09-11 11:36:27.881432,Manteniment preventiu programat,Tancada,Error intern de l'inversor de potència reportat per telemetria.,83,31.0,2024-09-11 12:07:27.881432
371,20,2025-05-16 11:30:16.056670,Visita de diagnosi,Tancada,La potència de càrrega està limitada i no passa de 11kW.,116,64.0,2025-05-16 12:34:16.056670
375,77,2025-12-26 01:20:47.090553,Correctiu no crític,Tancada,El lector RFID no emet cap so ni reconeix les targetes dels usuaris.,67,112.0,2025-12-26 03:12:47.090553
377,76,2024-11-21 06:51:56.093006,Correctiu no crític,Tancada,La pantalla està completament en negre i no respon als tocs.,74,143.0,2024-11-21 09:14:56.093006
382,9,2025-11-11 07:08:11.859402,Correctiu crític,Tancada,Error intern de l'inversor de potència reportat per telemetria.,91,256.0,2025-11-11 11:24:11.859402
383,92,2024-10-01 13:06:22.812130,Posada en marxa,Tancada,Revisió periòdica i preventiva segons l'acord de nivell de servei (SLA).,58,125.0,2024-10-01 15:11:22.812130
385,23,2024-01-11 21:19:17.137665,Visita de diagnosi,Tancada,Carcassa exterior danyada per impacte d'un vehicle.,118,95.0,2024-01-11 22:54:17.137665
387,52,2024-06-14 10:15:12.589126,Manteniment preventiu programat,Tancada,Error intern de l'inversor de potència reportat per telemetria.,72,43.0,2024-06-14 10:58:12.589126
388,84,2025-01-01 22:20:50.380069,Visita de diagnosi,Tancada,Revisió periòdica i preventiva segons l'acord de nivell de servei (SLA).,47,53.0,2025-01-01 23:13:50.380069
391,45,2024-12-16 22:14:13.049820,Correctiu no crític,Tancada,La potència de càrrega està limitada i no passa de 11kW.,63,132.0,2024-12-17 00:26:13.049820
393,83,2024-02-08 06:13:31.366632,Correctiu crític,Tancada,Carcassa exterior danyada per impacte d'un vehicle.,88,203.0,2024-02-08 09:36:31.366632
396,10,2025-05-29 04:16:56.922680,Manteniment preventiu programat,Tancada,El connector Tipus 2 presenta signes de cremades o desgast extrem.,129,42.0,2025-05-29 04:58:56.922680
397,22,2025-06-13 20:59:14.061245,Correctiu crític,Tancada,Carcassa exterior danyada per impacte d'un vehicle.,78,257.0,2025-06-14 01:16:14.061245
399,70,2024-04-19 14:39:25.033466,Manteniment preventiu programat,Tancada,Pèrdua de connexió amb el servidor central (OCPP timeout).,136,44.0,2024-04-19 15:23:25.033466
401,27,2025-03-09 03:35:20.220669,Posada en marxa,Tancada,El connector Tipus 2 presenta signes de cremades o desgast extrem.,52,147.0,2025-03-09 06:02:20.220669
403,85,2025-08-06 17:40:52.878387,Visita de diagnosi,Tancada,La pantalla està completament en negre i no respon als tocs.,33,64.0,2025-08-06 18:44:52.878387
406,47,2025-01-24 07:02:54.292787,Correctiu no crític,Tancada,La potència de càrrega està limitada i no passa de 11kW.,42,161.0,2025-01-24 09:43:54.292787
407,27,2026-02-20 08:47:55.927681,Manteniment preventiu programat,Tancada,El client reporta que el cable s'ha quedat bloquejat al vehicle.,50,37.0,2026-02-20 09:24:55.927681
408,40,2026-02-21 19:31:44.067308,Posada en marxa,Tancada,El lector RFID no emet cap so ni reconeix les targetes dels usuaris.,141,164.0,2026-02-21 22:15:44.067308
414,2,2024-06-19 05:20:36.767264,Correctiu crític,Tancada,Carcassa exterior danyada per impacte d'un vehicle.,102,204.0,2024-06-19 08:44:36.767264
416,64,2024-12-21 00:37:53.969725,Posada en marxa,Tancada,La potència de càrrega està limitada i no passa de 11kW.,82,177.0,2024-12-21 03:34:53.969725
417,51,2026-02-11 09:39:50.874167,Visita de diagnosi,Tancada,S'ha detectat un error en el sistema de ventilació/refrigeració.,38,52.0,2026-02-11 10:31:50.874167
420,32,2026-03-15 22:32:39.045081,Correctiu crític,Tancada,Revisió periòdica i preventiva segons l'acord de nivell de servei (SLA).,34,277.0,2026-03-16 03:09:39.045081
421,58,2024-12-19 14:46:15.838636,Correctiu no crític,Tancada,La pantalla està completament en negre i no respon als tocs.,96,98.0,2024-12-19 16:24:15.838636
422,18,2025-06-30 04:31:57.341089,Visita de diagnosi,Tancada,El connector Tipus 2 presenta signes de cremades o desgast extrem.,88,94.0,2025-06-30 06:05:57.341089
424,64,2025-03-24 21:27:46.770787,Manteniment preventiu programat,Tancada,Salt de les proteccions elèctriques (diferencial) en iniciar la sessió.,33,75.0,2025-03-24 22:42:46.770787
426,22,2026-01-10 01:44:53.928150,Visita de diagnosi,Tancada,S'ha detectat un error en el sistema de ventilació/refrigeració.,124,98.0,2026-01-10 03:22:53.928150
427,98,2024-07-16 19:01:16.229150,Correctiu crític,Tancada,La potència de càrrega està limitada i no passa de 11kW.,118,238.0,2024-07-16 22:59:16.229150
428,27,2024-02-27 09:16:02.634878,Visita de diagnosi,Tancada,S'ha detectat un error en el sistema de ventilació/refrigeració.,105,55.0,2024-02-27 10:11:02.634878
430,14,2024-06-05 16:58:35.119897,Posada en marxa,Tancada,El client reporta que el cable s'ha quedat bloquejat al vehicle.,93,130.0,2024-06-05 19:08:35.119897
433,61,2026-02-25 02:54:13.687397,Posada en marxa,Tancada,El connector Tipus 2 presenta signes de cremades o desgast extrem.,133,147.0,2026-02-25 05:21:13.687397
436,42,2026-03-02 09:55:48.350009,Visita de diagnosi,Tancada,Pèrdua de connexió amb el servidor central (OCPP timeout).,34,87.0,2026-03-02 11:22:48.350009
437,25,2025-05-30 10:16:41.743316,Posada en marxa,Tancada,El client reporta que el cable s'ha quedat bloquejat al vehicle.,45,186.0,2025-05-30 13:22:41.743316
438,44,2024-01-18 00:32:16.156634,Visita de diagnosi,Tancada,Salt de les proteccions elèctriques (diferencial) en iniciar la sessió.,107,105.0,2024-01-18 02:17:16.156634
444,94,2024-06-26 08:57:34.131233,Manteniment preventiu programat,Tancada,Carcassa exterior danyada per impacte d'un vehicle.,31,41.0,2024-06-26 09:38:34.131233
446,52,2024-11-01 10:40:35.758260,Manteniment preventiu programat,Tancada,Error intern de l'inversor de potència reportat per telemetria.,81,32.0,2024-11-01 11:12:35.758260
450,60,2026-01-15 22:40:23.349853,Manteniment preventiu programat,Tancada,S'ha detectat un error en el sistema de ventilació/refrigeració.,68,71.0,2026-01-15 23:51:23.349853
451,62,2024-09-25 15:49:13.033411,Manteniment preventiu programat,Tancada,Carcassa exterior danyada per impacte d'un vehicle.,57,45.0,2024-09-25 16:34:13.033411
453,64,2024-07-07 06:30:22.980452,Visita de diagnosi,Tancada,Error intern de l'inversor de potència reportat per telemetria.,33,87.0,2024-07-07 07:57:22.980452
456,89,2025-05-20 06:06:56.078085,Visita de diagnosi,Tancada,S'ha detectat un error en el sistema de ventilació/refrigeració.,130,54.0,2025-05-20 07:00:56.078085
457,50,2024-03-05 15:16:05.606573,Posada en marxa,Tancada,Salt de les proteccions elèctriques (diferencial) en iniciar la sessió.,141,173.0,2024-03-05 18:09:05.606573
469,94,2025-05-01 17:06:33.617707,Manteniment preventiu programat,Tancada,S'ha detectat un error en el sistema de ventilació/refrigeració.,116,37.0,2025-05-01 17:43:33.617707
477,18,2026-01-29 22:52:31.506703,Posada en marxa,Tancada,El lector RFID no emet cap so ni reconeix les targetes dels usuaris.,66,187.0,2026-01-30 01:59:31.506703
485,50,2025-01-05 21:20:13.512368,Posada en marxa,Tancada,Revisió periòdica i preventiva segons l'acord de nivell de servei (SLA).,137,168.0,2025-01-06 00:08:13.512368
486,53,2024-12-21 02:36:40.455980,Correctiu no crític,Tancada,El connector Tipus 2 presenta signes de cremades o desgast extrem.,137,98.0,2024-12-21 04:14:40.455980
490,21,2024-10-27 22:07:44.034070,Posada en marxa,Tancada,Pèrdua de connexió amb el servidor central (OCPP timeout).,102,166.0,2024-10-28 00:53:44.034070
496,70,2024-04-20 01:11:49.142359,Correctiu no crític,Tancada,Punt de recàrrega fora de línia des de fa més de 24 hores.,57,92.0,2024-04-20 02:43:49.142359
497,74,2024-07-07 06:29:31.892352,Visita de diagnosi,Tancada,S'ha detectat un error en el sistema de ventilació/refrigeració.,61,101.0,2024-07-07 08:10:31.892352
1,52,2026-01-27 01:33:11.430537,Correctiu no crític,Pendent,Error intern de l'inversor de potència reportat per telemetria.,112,,
3,94,2026-02-17 04:18:00.213591,Correctiu crític,Pendent,Pèrdua de connexió amb el servidor central (OCPP timeout).,50,,
4,18,2024-06-08 14:50:27.331554,Correctiu no crític,Pendent,Salt de les proteccions elèctriques (diferencial) en iniciar la sessió.,54,,
5,31,2026-03-27 09:11:05.539439,Posada en marxa,Pendent,El lector RFID no emet cap so ni reconeix les targetes dels usuaris.,33,,
6,19,2024-04-13 02:51:33.543354,Correctiu crític,En curs,Carcassa exterior danyada per impacte d'un vehicle.,99,,
8,46,2024-06-01 17:23:43.506173,Manteniment preventiu programat,En curs,Punt de recàrrega fora de línia des de fa més de 24 hores.,41,,
9,87,2025-10-10 09:47:26.749079,Posada en marxa,Pendent,Revisió periòdica i preventiva segons l'acord de nivell de servei (SLA).,75,,
10,8,2025-11-20 08:58:47.690107,Correctiu no crític,En curs,El connector Tipus 2 presenta signes de cremades o desgast extrem.,105,,
11,84,2024-05-18 18:07:32.246205,Visita de diagnosi,Pendent,El client reporta que el cable s'ha quedat bloquejat al vehicle.,86,,
12,49,2024-08-25 01:48:37.013573,Correctiu crític,Pendent,Punt de recàrrega fora de línia des de fa més de 24 hores.,42,,
13,4,2025-12-31 04:46:32.673155,Correctiu no crític,En curs,Revisió periòdica i preventiva segons l'acord de nivell de servei (SLA).,67,,
16,97,2025-03-06 18:43:32.980013,Manteniment preventiu programat,Pendent,Error intern de l'inversor de potència reportat per telemetria.,62,,
18,87,2025-11-18 23:00:36.906390,Manteniment preventiu programat,En curs,Carcassa exterior danyada per impacte d'un vehicle.,127,,
19,14,2024-01-07 07:36:21.476757,Manteniment preventiu programat,En curs,Revisió periòdica i preventiva segons l'acord de nivell de servei (SLA).,103,,
20,38,2026-03-23 01:23:15.373223,Visita de diagnosi,Pendent,Salt de les proteccions elèctriques (diferencial) en iniciar la sessió.,142,,
21,63,2025-10-26 22:16:03.903906,Visita de diagnosi,Pendent,Error intern de l'inversor de potència reportat per telemetria.,45,,
22,36,2025-05-14 15:06:53.988570,Posada en marxa,En curs,La potència de càrrega està limitada i no passa de 11kW.,106,,
24,13,2024-10-01 19:16:19.447304,Correctiu crític,Pendent,El connector Tipus 2 presenta signes de cremades o desgast extrem.,44,,
25,97,2024-04-21 15:46:52.483288,Correctiu crític,Pendent,El lector RFID no emet cap so ni reconeix les targetes dels usuaris.,79,,
27,44,2024-09-05 22:27:08.934515,Visita de diagnosi,Pendent,El client reporta que el cable s'ha quedat bloquejat al vehicle.,80,,
29,57,2025-07-27 00:50:42.165980,Correctiu no crític,En curs,El connector Tipus 2 presenta signes de cremades o desgast extrem.,70,,
30,19,2025-03-24 19:03:40.600761,Manteniment preventiu programat,Pendent,Revisió periòdica i preventiva segons l'acord de nivell de servei (SLA).,48,,
31,40,2024-05-09 06:01:00.697336,Correctiu crític,En curs,Carcassa exterior danyada per impacte d'un vehicle.,51,,
32,21,2025-05-05 06:18:40.406043,Visita de diagnosi,Pendent,El client reporta que el cable s'ha quedat bloquejat al vehicle.,38,,
33,28,2025-05-23 09:40:21.944162,Correctiu no crític,Pendent,Punt de recàrrega fora de línia des de fa més de 24 hores.,92,,
34,76,2024-09-28 10:58:22.588307,Correctiu no crític,Pendent,Salt de les proteccions elèctriques (diferencial) en iniciar la sessió.,96,,
36,5,2024-10-10 18:44:05.455260,Manteniment preventiu programat,En curs,Revisió periòdica i preventiva segons l'acord de nivell de servei (SLA).,119,,
37,63,2025-11-17 23:24:00.394873,Visita de diagnosi,En curs,Error intern de l'inversor de potència reportat per telemetria.,85,,
40,94,2025-03-02 22:56:18.343993,Posada en marxa,Pendent,El connector Tipus 2 presenta signes de cremades o desgast extrem.,49,,
41,71,2024-08-16 07:59:40.856709,Manteniment preventiu programat,En curs,El connector Tipus 2 presenta signes de cremades o desgast extrem.,46,,
43,93,2024-12-14 13:13:13.619203,Manteniment preventiu programat,Pendent,Punt de recàrrega fora de línia des de fa més de 24 hores.,94,,
44,89,2025-03-15 06:32:51.872054,Manteniment preventiu programat,Pendent,Pèrdua de connexió amb el servidor central (OCPP timeout).,137,,
45,19,2025-03-22 16:47:58.819777,Correctiu crític,En curs,Carcassa exterior danyada per impacte d'un vehicle.,135,,
46,62,2025-10-18 21:32:08.287946,Posada en marxa,Pendent,Error intern de l'inversor de potència reportat per telemetria.,93,,
49,53,2024-02-28 05:05:00.661844,Visita de diagnosi,Pendent,S'ha detectat un error en el sistema de ventilació/refrigeració.,42,,
51,66,2025-03-17 13:37:37.868302,Correctiu no crític,En curs,El lector RFID no emet cap so ni reconeix les targetes dels usuaris.,102,,
52,97,2025-07-22 00:13:26.676972,Correctiu crític,En curs,El client reporta que el cable s'ha quedat bloquejat al vehicle.,54,,
54,73,2026-02-14 19:15:57.254835,Manteniment preventiu programat,En curs,La pantalla està completament en negre i no respon als tocs.,102,,
55,71,2025-06-21 19:34:54.447732,Correctiu crític,En curs,Punt de recàrrega fora de línia des de fa més de 24 hores.,48,,
56,76,2024-01-16 13:54:46.293872,Visita de diagnosi,En curs,El lector RFID no emet cap so ni reconeix les targetes dels usuaris.,95,,
58,48,2024-03-17 14:31:13.094456,Correctiu no crític,En curs,Salt de les proteccions elèctriques (diferencial) en iniciar la sessió.,119,,
59,5,2026-02-12 10:41:40.224318,Correctiu no crític,En curs,Pèrdua de connexió amb el servidor central (OCPP timeout).,79,,
60,73,2024-06-07 01:21:03.935404,Correctiu crític,Pendent,Pèrdua de connexió amb el servidor central (OCPP timeout).,96,,
63,76,2025-05-16 22:30:10.291157,Correctiu no crític,En curs,La pantalla està completament en negre i no respon als tocs.,53,,
65,58,2025-05-21 13:22:21.693915,Correctiu crític,Pendent,Error intern de l'inversor de potència reportat per telemetria.,40,,
67,73,2024-07-05 14:18:11.263360,Visita de diagnosi,En curs,Revisió periòdica i preventiva segons l'acord de nivell de servei (SLA).,146,,
69,34,2024-03-21 16:38:39.467762,Correctiu no crític,En curs,Revisió periòdica i preventiva segons l'acord de nivell de servei (SLA).,99,,
70,53,2024-03-26 00:36:03.088726,Correctiu crític,Pendent,El lector RFID no emet cap so ni reconeix les targetes dels usuaris.,120,,
71,4,2024-11-06 10:14:58.514765,Visita de diagnosi,Pendent,Revisió periòdica i preventiva segons l'acord de nivell de servei (SLA).,126,,
73,59,2025-03-18 18:52:05.977927,Correctiu no crític,Pendent,Carcassa exterior danyada per impacte d'un vehicle.,120,,
74,11,2024-05-29 12:39:25.937845,Manteniment preventiu programat,En curs,Revisió periòdica i preventiva segons l'acord de nivell de servei (SLA).,65,,
75,27,2025-09-08 14:55:05.508357,Correctiu no crític,Pendent,El connector Tipus 2 presenta signes de cremades o desgast extrem.,34,,
77,43,2024-03-05 00:26:33.178899,Correctiu crític,Pendent,La pantalla està completament en negre i no respon als tocs.,65,,
78,82,2025-05-24 20:11:16.413172,Posada en marxa,Pendent,El connector Tipus 2 presenta signes de cremades o desgast extrem.,101,,
79,71,2024-11-28 13:34:45.479564,Manteniment preventiu programat,Pendent,El lector RFID no emet cap so ni reconeix les targetes dels usuaris.,72,,
80,12,2024-11-08 16:21:56.735064,Visita de diagnosi,En curs,Carcassa exterior danyada per impacte d'un vehicle.,42,,
81,34,2025-12-04 05:15:05.016462,Correctiu no crític,Pendent,Carcassa exterior danyada per impacte d'un vehicle.,148,,
82,29,2025-01-27 04:08:20.188483,Posada en marxa,En curs,El connector Tipus 2 presenta signes de cremades o desgast extrem.,52,,
83,71,2024-05-11 09:24:41.942431,Manteniment preventiu programat,Pendent,Punt de recàrrega fora de línia des de fa més de 24 hores.,139,,
85,53,2024-03-17 08:22:00.612890,Manteniment preventiu programat,En curs,La potència de càrrega està limitada i no passa de 11kW.,80,,
86,80,2024-11-01 19:34:04.902497,Posada en marxa,En curs,S'ha detectat un error en el sistema de ventilació/refrigeració.,114,,
87,39,2024-06-21 21:15:57.872483,Visita de diagnosi,Pendent,S'ha detectat un error en el sistema de ventilació/refrigeració.,117,,
88,50,2025-06-10 21:30:09.731691,Visita de diagnosi,Pendent,El connector Tipus 2 presenta signes de cremades o desgast extrem.,35,,
90,100,2026-03-07 23:42:16.324463,Correctiu crític,En curs,Punt de recàrrega fora de línia des de fa més de 24 hores.,100,,
91,12,2025-09-20 18:16:06.033722,Correctiu no crític,En curs,El lector RFID no emet cap so ni reconeix les targetes dels usuaris.,117,,
93,42,2024-04-13 10:59:26.297174,Visita de diagnosi,En curs,Carcassa exterior danyada per impacte d'un vehicle.,89,,
94,39,2026-02-03 02:10:39.865040,Correctiu crític,Pendent,S'ha detectat un error en el sistema de ventilació/refrigeració.,108,,
96,73,2025-11-11 07:13:52.438508,Correctiu no crític,Pendent,La pantalla està completament en negre i no respon als tocs.,31,,
97,32,2025-06-27 04:40:56.815971,Correctiu no crític,En curs,Carcassa exterior danyada per impacte d'un vehicle.,50,,
98,33,2025-02-04 01:59:03.683887,Correctiu crític,En curs,Error intern de l'inversor de potència reportat per telemetria.,49,,
101,37,2025-04-12 15:46:17.624902,Manteniment preventiu programat,En curs,La pantalla està completament en negre i no respon als tocs.,58,,
109,42,2024-08-21 09:46:56.705276,Visita de diagnosi,En curs,El lector RFID no emet cap so ni reconeix les targetes dels usuaris.,117,,
110,81,2025-06-02 05:29:08.038010,Correctiu no crític,Pendent,S'ha detectat un error en el sistema de ventilació/refrigeració.,44,,
111,25,2025-06-19 21:43:07.147692,Correctiu crític,En curs,S'ha detectat un error en el sistema de ventilació/refrigeració.,54,,
113,28,2024-05-13 09:41:58.263638,Manteniment preventiu programat,En curs,El lector RFID no emet cap so ni reconeix les targetes dels usuaris.,136,,
114,32,2024-08-11 08:46:42.899646,Correctiu crític,Pendent,Pèrdua de connexió amb el servidor central (OCPP timeout).,57,,
115,37,2026-01-28 04:46:41.385551,Visita de diagnosi,Pendent,La pantalla està completament en negre i no respon als tocs.,82,,
116,30,2024-09-19 23:22:15.305240,Manteniment preventiu programat,Pendent,Revisió periòdica i preventiva segons l'acord de nivell de servei (SLA).,98,,
118,92,2025-07-05 13:56:10.149986,Posada en marxa,Pendent,Punt de recàrrega fora de línia des de fa més de 24 hores.,93,,
119,4,2025-01-25 01:09:53.207921,Visita de diagnosi,En curs,La pantalla està completament en negre i no respon als tocs.,59,,
120,27,2024-05-10 00:58:03.219360,Posada en marxa,En curs,Salt de les proteccions elèctriques (diferencial) en iniciar la sessió.,115,,
121,31,2024-05-06 23:18:18.582181,Correctiu crític,En curs,El lector RFID no emet cap so ni reconeix les targetes dels usuaris.,49,,
122,51,2024-07-12 13:32:03.421842,Visita de diagnosi,En curs,El connector Tipus 2 presenta signes de cremades o desgast extrem.,83,,
123,81,2024-04-15 03:29:00.563049,Correctiu no crític,En curs,La potència de càrrega està limitada i no passa de 11kW.,80,,
124,80,2024-01-18 12:18:46.019825,Correctiu crític,En curs,El client reporta que el cable s'ha quedat bloquejat al vehicle.,149,,
125,17,2024-02-18 23:05:01.685065,Correctiu no crític,En curs,La potència de càrrega està limitada i no passa de 11kW.,111,,
127,73,2025-11-23 13:04:20.146662,Visita de diagnosi,Pendent,El lector RFID no emet cap so ni reconeix les targetes dels usuaris.,123,,
129,45,2025-12-29 21:31:19.377889,Correctiu no crític,Pendent,El client reporta que el cable s'ha quedat bloquejat al vehicle.,94,,
130,52,2025-11-19 13:04:54.668075,Visita de diagnosi,Pendent,S'ha detectat un error en el sistema de ventilació/refrigeració.,71,,
131,64,2026-02-09 06:52:40.654544,Correctiu crític,En curs,S'ha detectat un error en el sistema de ventilació/refrigeració.,78,,
132,47,2024-06-25 13:25:56.476369,Correctiu crític,En curs,Punt de recàrrega fora de línia des de fa més de 24 hores.,143,,
133,25,2025-04-29 04:52:56.037164,Correctiu no crític,Pendent,La pantalla està completament en negre i no respon als tocs.,117,,
134,92,2024-10-20 01:58:05.039881,Correctiu no crític,En curs,Carcassa exterior danyada per impacte d'un vehicle.,121,,
135,67,2025-10-29 06:41:43.520001,Correctiu crític,En curs,El lector RFID no emet cap so ni reconeix les targetes dels usuaris.,106,,
136,99,2025-10-10 08:47:10.365878,Correctiu crític,Pendent,La pantalla està completament en negre i no respon als tocs.,145,,
137,52,2025-07-08 08:03:59.701942,Correctiu no crític,En curs,Pèrdua de connexió amb el servidor central (OCPP timeout).,63,,
138,10,2024-09-21 06:04:04.054507,Correctiu no crític,En curs,El lector RFID no emet cap so ni reconeix les targetes dels usuaris.,82,,
139,65,2025-03-31 05:03:14.123868,Correctiu crític,Pendent,Revisió periòdica i preventiva segons l'acord de nivell de servei (SLA).,95,,
141,28,2024-10-10 10:53:19.522878,Manteniment preventiu programat,En curs,Pèrdua de connexió amb el servidor central (OCPP timeout).,80,,
142,56,2025-05-07 04:34:59.601304,Posada en marxa,En curs,El connector Tipus 2 presenta signes de cremades o desgast extrem.,107,,
148,6,2024-08-01 17:47:08.627158,Posada en marxa,En curs,El connector Tipus 2 presenta signes de cremades o desgast extrem.,84,,
149,95,2025-07-04 05:35:54.824033,Correctiu crític,Pendent,El client reporta que el cable s'ha quedat bloquejat al vehicle.,114,,
150,72,2025-05-25 16:41:25.189859,Posada en marxa,Pendent,Pèrdua de connexió amb el servidor central (OCPP timeout).,80,,
154,58,2024-07-31 04:36:34.740824,Manteniment preventiu programat,Pendent,El lector RFID no emet cap so ni reconeix les targetes dels usuaris.,86,,
155,59,2024-08-21 03:22:35.759633,Manteniment preventiu programat,En curs,El connector Tipus 2 presenta signes de cremades o desgast extrem.,116,,
156,68,2025-02-25 07:19:41.798438,Posada en marxa,Pendent,La potència de càrrega està limitada i no passa de 11kW.,53,,
158,90,2024-11-28 11:06:19.465768,Correctiu crític,Pendent,Salt de les proteccions elèctriques (diferencial) en iniciar la sessió.,136,,
159,8,2024-11-06 09:51:31.555283,Manteniment preventiu programat,Pendent,S'ha detectat un error en el sistema de ventilació/refrigeració.,60,,
160,13,2025-09-08 06:02:33.289609,Manteniment preventiu programat,Pendent,La pantalla està completament en negre i no respon als tocs.,120,,
161,50,2024-11-23 18:13:49.479066,Visita de diagnosi,En curs,Revisió periòdica i preventiva segons l'acord de nivell de servei (SLA).,115,,
163,80,2025-10-27 07:42:56.112120,Correctiu no crític,En curs,La potència de càrrega està limitada i no passa de 11kW.,52,,
164,49,2026-03-12 08:50:53.444851,Visita de diagnosi,Pendent,Carcassa exterior danyada per impacte d'un vehicle.,63,,
165,64,2024-01-02 14:00:19.355400,Manteniment preventiu programat,Pendent,Error intern de l'inversor de potència reportat per telemetria.,62,,
168,44,2025-06-05 07:59:00.323771,Correctiu no crític,En curs,S'ha detectat un error en el sistema de ventilació/refrigeració.,97,,
169,9,2025-10-28 02:03:34.964629,Correctiu crític,Pendent,Punt de recàrrega fora de línia des de fa més de 24 hores.,49,,
170,90,2026-02-14 21:32:59.550429,Posada en marxa,En curs,Carcassa exterior danyada per impacte d'un vehicle.,38,,
171,50,2024-05-11 14:02:08.091438,Correctiu no crític,En curs,Carcassa exterior danyada per impacte d'un vehicle.,93,,
172,3,2025-05-22 17:19:25.962975,Posada en marxa,Pendent,Punt de recàrrega fora de línia des de fa més de 24 hores.,98,,
173,81,2024-07-08 20:43:06.686930,Correctiu no crític,En curs,Error intern de l'inversor de potència reportat per telemetria.,122,,
174,65,2025-03-05 03:09:54.386815,Manteniment preventiu programat,En curs,La potència de càrrega està limitada i no passa de 11kW.,36,,
175,71,2025-02-09 19:15:13.178471,Correctiu crític,En curs,Carcassa exterior danyada per impacte d'un vehicle.,81,,
176,43,2024-09-03 17:35:08.253531,Visita de diagnosi,Pendent,La potència de càrrega està limitada i no passa de 11kW.,78,,
178,87,2026-01-16 13:36:44.485352,Manteniment preventiu programat,En curs,Error intern de l'inversor de potència reportat per telemetria.,31,,
180,61,2024-10-11 17:26:56.463608,Visita de diagnosi,En curs,Salt de les proteccions elèctriques (diferencial) en iniciar la sessió.,89,,
182,76,2025-10-05 01:08:58.329214,Correctiu no crític,En curs,Pèrdua de connexió amb el servidor central (OCPP timeout).,67,,
183,95,2025-04-16 18:31:23.282286,Posada en marxa,En curs,Error intern de l'inversor de potència reportat per telemetria.,105,,
184,58,2025-06-23 07:33:09.860597,Correctiu crític,Pendent,La potència de càrrega està limitada i no passa de 11kW.,72,,
185,50,2025-01-20 23:51:20.899945,Correctiu no crític,En curs,La pantalla està completament en negre i no respon als tocs.,105,,
186,23,2025-09-05 11:01:19.009710,Correctiu crític,En curs,Punt de recàrrega fora de línia des de fa més de 24 hores.,32,,
187,41,2025-10-16 08:28:41.897352,Correctiu no crític,Pendent,La potència de càrrega està limitada i no passa de 11kW.,65,,
188,5,2025-02-14 01:43:42.406143,Correctiu crític,En curs,La pantalla està completament en negre i no respon als tocs.,149,,
189,42,2025-12-11 17:58:54.908029,Manteniment preventiu programat,Pendent,Carcassa exterior danyada per impacte d'un vehicle.,86,,
190,47,2025-04-08 19:43:35.937477,Correctiu no crític,Pendent,Revisió periòdica i preventiva segons l'acord de nivell de servei (SLA).,137,,
191,77,2026-02-04 18:56:49.198476,Correctiu no crític,Pendent,El connector Tipus 2 presenta signes de cremades o desgast extrem.,137,,
192,54,2024-07-22 03:21:35.162649,Visita de diagnosi,Pendent,El connector Tipus 2 presenta signes de cremades o desgast extrem.,131,,
195,14,2025-03-06 03:23:42.404903,Manteniment preventiu programat,En curs,Punt de recàrrega fora de línia des de fa més de 24 hores.,86,,
198,67,2024-11-21 11:17:45.939903,Posada en marxa,En curs,S'ha detectat un error en el sistema de ventilació/refrigeració.,121,,
200,42,2026-01-19 00:28:35.480186,Posada en marxa,Pendent,El client reporta que el cable s'ha quedat bloquejat al vehicle.,63,,
201,81,2024-07-06 17:09:42.252021,Correctiu no crític,En curs,Salt de les proteccions elèctriques (diferencial) en iniciar la sessió.,38,,
202,1,2024-07-13 15:57:36.248564,Posada en marxa,En curs,El connector Tipus 2 presenta signes de cremades o desgast extrem.,44,,
203,61,2024-09-04 07:20:04.085506,Posada en marxa,En curs,Revisió periòdica i preventiva segons l'acord de nivell de servei (SLA).,117,,
204,47,2025-06-16 22:24:37.815168,Manteniment preventiu programat,Pendent,El lector RFID no emet cap so ni reconeix les targetes dels usuaris.,115,,
205,83,2025-01-28 08:45:43.041051,Manteniment preventiu programat,En curs,La pantalla està completament en negre i no respon als tocs.,137,,
207,34,2026-01-29 03:21:16.351667,Correctiu crític,En curs,Error intern de l'inversor de potència reportat per telemetria.,60,,
208,52,2024-02-15 20:37:30.430410,Visita de diagnosi,Pendent,El client reporta que el cable s'ha quedat bloquejat al vehicle.,112,,
209,47,2024-09-25 07:16:52.023887,Visita de diagnosi,Pendent,Salt de les proteccions elèctriques (diferencial) en iniciar la sessió.,91,,
210,37,2025-02-22 13:07:58.765275,Visita de diagnosi,En curs,S'ha detectat un error en el sistema de ventilació/refrigeració.,59,,
211,3,2024-04-01 20:13:57.229491,Correctiu no crític,Pendent,Pèrdua de connexió amb el servidor central (OCPP timeout).,117,,
212,83,2025-01-28 20:56:21.040218,Posada en marxa,En curs,El lector RFID no emet cap so ni reconeix les targetes dels usuaris.,124,,
213,83,2025-02-22 00:51:23.521330,Correctiu no crític,Pendent,Error intern de l'inversor de potència reportat per telemetria.,128,,
214,72,2025-09-04 07:08:43.364821,Posada en marxa,En curs,El client reporta que el cable s'ha quedat bloquejat al vehicle.,137,,
215,14,2025-04-07 11:29:33.700985,Manteniment preventiu programat,En curs,La pantalla està completament en negre i no respon als tocs.,72,,
218,27,2025-02-02 11:30:33.216965,Manteniment preventiu programat,En curs,El client reporta que el cable s'ha quedat bloquejat al vehicle.,87,,
220,21,2024-10-17 04:02:09.228288,Visita de diagnosi,En curs,Pèrdua de connexió amb el servidor central (OCPP timeout).,93,,
222,56,2024-02-19 08:08:14.158997,Correctiu no crític,En curs,El lector RFID no emet cap so ni reconeix les targetes dels usuaris.,42,,
223,16,2025-11-09 22:44:11.504706,Correctiu crític,En curs,Salt de les proteccions elèctriques (diferencial) en iniciar la sessió.,125,,
224,95,2024-12-10 22:06:38.208103,Posada en marxa,Pendent,El client reporta que el cable s'ha quedat bloquejat al vehicle.,93,,
225,70,2025-12-26 00:33:38.555174,Visita de diagnosi,Pendent,La pantalla està completament en negre i no respon als tocs.,79,,
226,77,2024-08-01 01:16:24.932938,Correctiu crític,Pendent,S'ha detectat un error en el sistema de ventilació/refrigeració.,110,,
229,26,2024-11-25 09:57:07.388693,Correctiu no crític,En curs,Error intern de l'inversor de potència reportat per telemetria.,137,,
230,40,2025-06-01 12:13:35.866629,Manteniment preventiu programat,Pendent,Carcassa exterior danyada per impacte d'un vehicle.,86,,
231,32,2025-10-03 09:31:22.143407,Correctiu no crític,En curs,Pèrdua de connexió amb el servidor central (OCPP timeout).,74,,
232,66,2025-04-05 06:44:59.094588,Correctiu no crític,Pendent,Punt de recàrrega fora de línia des de fa més de 24 hores.,68,,
233,13,2024-03-22 00:37:34.881491,Correctiu crític,Pendent,S'ha detectat un error en el sistema de ventilació/refrigeració.,108,,
234,19,2024-08-02 09:24:22.342631,Correctiu crític,En curs,El connector Tipus 2 presenta signes de cremades o desgast extrem.,45,,
235,71,2024-01-11 03:23:11.406820,Correctiu no crític,Pendent,Salt de les proteccions elèctriques (diferencial) en iniciar la sessió.,97,,
237,64,2025-09-20 18:07:43.804363,Correctiu no crític,En curs,Salt de les proteccions elèctriques (diferencial) en iniciar la sessió.,101,,
238,4,2025-06-01 00:47:03.843080,Visita de diagnosi,Pendent,Pèrdua de connexió amb el servidor central (OCPP timeout).,133,,
239,43,2024-05-19 14:50:55.336363,Visita de diagnosi,Pendent,Error intern de l'inversor de potència reportat per telemetria.,88,,
241,61,2025-06-20 22:18:31.485550,Posada en marxa,Pendent,S'ha detectat un error en el sistema de ventilació/refrigeració.,85,,
244,76,2025-03-07 18:43:34.180653,Manteniment preventiu programat,Pendent,S'ha detectat un error en el sistema de ventilació/refrigeració.,147,,
245,26,2025-05-15 20:22:42.613537,Manteniment preventiu programat,En curs,El lector RFID no emet cap so ni reconeix les targetes dels usuaris.,40,,
248,32,2024-08-06 15:26:04.599035,Manteniment preventiu programat,Pendent,El lector RFID no emet cap so ni reconeix les targetes dels usuaris.,129,,
249,40,2024-07-13 09:01:05.786922,Manteniment preventiu programat,En curs,Pèrdua de connexió amb el servidor central (OCPP timeout).,31,,
250,58,2025-08-18 15:15:27.442741,Manteniment preventiu programat,En curs,La potència de càrrega està limitada i no passa de 11kW.,47,,
251,54,2024-01-25 10:14:05.304489,Visita de diagnosi,En curs,Revisió periòdica i preventiva segons l'acord de nivell de servei (SLA).,141,,
252,79,2025-11-14 06:01:25.519482,Visita de diagnosi,Pendent,Carcassa exterior danyada per impacte d'un vehicle.,41,,
255,81,2026-03-13 02:11:08.710365,Correctiu crític,Pendent,Error intern de l'inversor de potència reportat per telemetria.,144,,
261,49,2024-03-02 18:01:32.461354,Correctiu crític,Pendent,La potència de càrrega està limitada i no passa de 11kW.,97,,
262,83,2024-03-30 06:56:55.067161,Correctiu no crític,En curs,La pantalla està completament en negre i no respon als tocs.,67,,
263,75,2025-08-21 16:36:17.958861,Posada en marxa,Pendent,El client reporta que el cable s'ha quedat bloquejat al vehicle.,73,,
264,3,2025-09-11 00:19:26.072349,Visita de diagnosi,Pendent,El client reporta que el cable s'ha quedat bloquejat al vehicle.,44,,
265,72,2026-02-20 13:45:03.344681,Correctiu no crític,Pendent,El client reporta que el cable s'ha quedat bloquejat al vehicle.,33,,
267,95,2024-11-20 07:23:37.411122,Posada en marxa,Pendent,El lector RFID no emet cap so ni reconeix les targetes dels usuaris.,119,,
268,80,2025-09-29 06:06:53.244785,Correctiu no crític,En curs,S'ha detectat un error en el sistema de ventilació/refrigeració.,55,,
269,25,2026-01-05 14:29:32.528235,Visita de diagnosi,Pendent,El lector RFID no emet cap so ni reconeix les targetes dels usuaris.,54,,
272,60,2024-11-03 18:03:38.372224,Correctiu crític,En curs,El lector RFID no emet cap so ni reconeix les targetes dels usuaris.,83,,
273,99,2024-01-28 11:47:38.216886,Manteniment preventiu programat,Pendent,Revisió periòdica i preventiva segons l'acord de nivell de servei (SLA).,111,,
275,33,2024-08-23 07:49:21.082714,Posada en marxa,Pendent,El lector RFID no emet cap so ni reconeix les targetes dels usuaris.,56,,
276,84,2025-12-28 12:22:34.882680,Correctiu crític,En curs,Punt de recàrrega fora de línia des de fa més de 24 hores.,108,,
277,75,2026-01-17 08:11:59.804714,Manteniment preventiu programat,En curs,El lector RFID no emet cap so ni reconeix les targetes dels usuaris.,135,,
279,40,2024-11-05 21:57:25.006844,Correctiu crític,En curs,El connector Tipus 2 presenta signes de cremades o desgast extrem.,98,,
280,32,2024-02-18 14:41:02.577656,Correctiu no crític,Pendent,La potència de càrrega està limitada i no passa de 11kW.,78,,
281,53,2024-07-05 12:03:56.707545,Correctiu no crític,En curs,Carcassa exterior danyada per impacte d'un vehicle.,48,,
283,98,2024-11-06 01:44:31.276749,Visita de diagnosi,Pendent,S'ha detectat un error en el sistema de ventilació/refrigeració.,38,,
284,52,2024-10-08 19:55:00.179616,Correctiu crític,Pendent,El lector RFID no emet cap so ni reconeix les targetes dels usuaris.,58,,
285,83,2024-01-10 07:58:06.292027,Manteniment preventiu programat,En curs,S'ha detectat un error en el sistema de ventilació/refrigeració.,69,,
288,51,2024-12-18 11:08:03.034269,Correctiu crític,Pendent,Pèrdua de connexió amb el servidor central (OCPP timeout).,58,,
289,54,2024-06-07 22:50:44.971527,Correctiu no crític,Pendent,S'ha detectat un error en el sistema de ventilació/refrigeració.,82,,
291,48,2024-08-15 03:45:46.527681,Correctiu crític,Pendent,El client reporta que el cable s'ha quedat bloquejat al vehicle.,147,,
292,48,2025-10-20 21:09:06.453119,Manteniment preventiu programat,En curs,Carcassa exterior danyada per impacte d'un vehicle.,54,,
293,76,2024-11-18 21:48:37.582469,Correctiu no crític,Pendent,Punt de recàrrega fora de línia des de fa més de 24 hores.,105,,
295,65,2024-07-10 12:07:46.834358,Posada en marxa,Pendent,El connector Tipus 2 presenta signes de cremades o desgast extrem.,92,,
296,75,2024-02-11 19:42:41.202813,Correctiu crític,En curs,Salt de les proteccions elèctriques (diferencial) en iniciar la sessió.,128,,
298,84,2025-06-14 06:54:22.015414,Correctiu crític,En curs,La potència de càrrega està limitada i no passa de 11kW.,48,,
299,96,2024-05-13 02:32:24.156046,Posada en marxa,En curs,El connector Tipus 2 presenta signes de cremades o desgast extrem.,52,,
301,33,2025-10-14 01:07:14.120400,Correctiu crític,En curs,S'ha detectat un error en el sistema de ventilació/refrigeració.,77,,
302,33,2025-01-08 00:27:04.817746,Posada en marxa,Pendent,Pèrdua de connexió amb el servidor central (OCPP timeout).,78,,
306,92,2025-01-12 17:24:20.801331,Correctiu crític,En curs,S'ha detectat un error en el sistema de ventilació/refrigeració.,97,,
307,93,2026-01-12 05:52:39.573757,Correctiu crític,Pendent,El lector RFID no emet cap so ni reconeix les targetes dels usuaris.,65,,
308,31,2026-01-02 14:35:51.309914,Posada en marxa,Pendent,La potència de càrrega està limitada i no passa de 11kW.,90,,
309,78,2025-03-25 13:56:44.003587,Manteniment preventiu programat,En curs,La pantalla està completament en negre i no respon als tocs.,63,,
311,1,2025-12-06 12:25:46.812340,Posada en marxa,En curs,Punt de recàrrega fora de línia des de fa més de 24 hores.,85,,
312,48,2025-07-26 06:12:44.008710,Visita de diagnosi,Pendent,Error intern de l'inversor de potència reportat per telemetria.,34,,
314,13,2025-05-19 13:45:00.533291,Visita de diagnosi,Pendent,Punt de recàrrega fora de línia des de fa més de 24 hores.,57,,
315,93,2024-10-16 01:29:28.775014,Posada en marxa,En curs,La pantalla està completament en negre i no respon als tocs.,44,,
316,61,2025-09-02 19:56:08.303764,Posada en marxa,Pendent,Salt de les proteccions elèctriques (diferencial) en iniciar la sessió.,104,,
317,81,2025-03-29 17:24:27.401774,Correctiu crític,En curs,El connector Tipus 2 presenta signes de cremades o desgast extrem.,69,,
318,58,2026-02-10 15:41:14.562850,Visita de diagnosi,En curs,Salt de les proteccions elèctriques (diferencial) en iniciar la sessió.,118,,
319,57,2025-11-30 06:49:18.064641,Visita de diagnosi,En curs,El connector Tipus 2 presenta signes de cremades o desgast extrem.,133,,
320,13,2025-11-13 03:22:44.523208,Manteniment preventiu programat,En curs,Revisió periòdica i preventiva segons l'acord de nivell de servei (SLA).,144,,
321,81,2026-01-08 02:37:27.023186,Correctiu no crític,En curs,El client reporta que el cable s'ha quedat bloquejat al vehicle.,116,,
322,48,2024-04-05 16:59:15.207847,Visita de diagnosi,En curs,La potència de càrrega està limitada i no passa de 11kW.,102,,
323,26,2025-11-21 22:02:26.767236,Correctiu crític,En curs,La potència de càrrega està limitada i no passa de 11kW.,105,,
324,31,2024-11-03 22:11:07.351876,Correctiu crític,Pendent,Pèrdua de connexió amb el servidor central (OCPP timeout).,140,,
325,29,2025-08-27 17:02:20.646936,Visita de diagnosi,En curs,Error intern de l'inversor de potència reportat per telemetria.,130,,
327,72,2026-01-28 19:00:50.402930,Posada en marxa,Pendent,El client reporta que el cable s'ha quedat bloquejat al vehicle.,36,,
329,98,2025-10-23 10:35:58.167760,Manteniment preventiu programat,En curs,Salt de les proteccions elèctriques (diferencial) en iniciar la sessió.,112,,
330,42,2024-07-24 13:52:43.381491,Correctiu crític,En curs,Revisió periòdica i preventiva segons l'acord de nivell de servei (SLA).,116,,
331,81,2024-04-24 09:39:11.366344,Correctiu crític,En curs,Error intern de l'inversor de potència reportat per telemetria.,128,,
333,28,2025-06-17 18:02:00.653518,Correctiu crític,En curs,El client reporta que el cable s'ha quedat bloquejat al vehicle.,110,,
334,67,2024-07-18 23:07:35.838728,Correctiu crític,En curs,El lector RFID no emet cap so ni reconeix les targetes dels usuaris.,128,,
335,16,2025-05-24 20:46:36.176736,Correctiu crític,En curs,Punt de recàrrega fora de línia des de fa més de 24 hores.,123,,
338,18,2024-12-01 08:55:34.001973,Manteniment preventiu programat,En curs,Salt de les proteccions elèctriques (diferencial) en iniciar la sessió.,101,,
339,76,2024-03-16 04:26:03.430465,Visita de diagnosi,Pendent,Salt de les proteccions elèctriques (diferencial) en iniciar la sessió.,39,,
341,65,2025-04-18 12:40:24.556031,Visita de diagnosi,En curs,Carcassa exterior danyada per impacte d'un vehicle.,137,,
344,94,2025-10-27 20:37:37.410192,Visita de diagnosi,Pendent,S'ha detectat un error en el sistema de ventilació/refrigeració.,148,,
346,98,2024-08-16 14:17:19.054538,Posada en marxa,En curs,Pèrdua de connexió amb el servidor central (OCPP timeout).,96,,
347,79,2026-03-14 14:07:03.532546,Posada en marxa,En curs,Salt de les proteccions elèctriques (diferencial) en iniciar la sessió.,66,,
348,36,2025-09-26 23:39:56.468367,Manteniment preventiu programat,En curs,S'ha detectat un error en el sistema de ventilació/refrigeració.,51,,
351,45,2024-11-26 09:25:09.621633,Visita de diagnosi,En curs,S'ha detectat un error en el sistema de ventilació/refrigeració.,125,,
352,74,2024-08-11 17:43:20.297571,Visita de diagnosi,En curs,Revisió periòdica i preventiva segons l'acord de nivell de servei (SLA).,49,,
353,82,2025-12-12 01:01:39.325972,Correctiu no crític,En curs,Salt de les proteccions elèctriques (diferencial) en iniciar la sessió.,142,,
354,16,2025-06-23 17:16:28.802256,Correctiu no crític,En curs,Revisió periòdica i preventiva segons l'acord de nivell de servei (SLA).,131,,
355,20,2025-01-01 08:58:34.759347,Posada en marxa,Pendent,La potència de càrrega està limitada i no passa de 11kW.,47,,
357,27,2024-03-08 04:03:41.333372,Correctiu crític,Pendent,El lector RFID no emet cap so ni reconeix les targetes dels usuaris.,88,,
358,36,2026-03-10 14:01:50.296340,Manteniment preventiu programat,Pendent,La potència de càrrega està limitada i no passa de 11kW.,145,,
360,86,2026-03-21 04:43:09.600601,Correctiu no crític,En curs,El lector RFID no emet cap so ni reconeix les targetes dels usuaris.,82,,
366,89,2025-11-16 23:22:22.835342,Correctiu crític,Pendent,Pèrdua de connexió amb el servidor central (OCPP timeout).,126,,
367,38,2025-08-18 18:13:20.071661,Visita de diagnosi,Pendent,Carcassa exterior danyada per impacte d'un vehicle.,44,,
368,8,2024-06-26 23:01:07.122121,Visita de diagnosi,En curs,Salt de les proteccions elèctriques (diferencial) en iniciar la sessió.,49,,
369,42,2026-01-27 06:55:14.275302,Manteniment preventiu programat,Pendent,S'ha detectat un error en el sistema de ventilació/refrigeració.,138,,
372,28,2024-03-16 23:52:39.836419,Visita de diagnosi,En curs,Carcassa exterior danyada per impacte d'un vehicle.,143,,
373,40,2024-09-24 21:58:22.009626,Visita de diagnosi,En curs,Error intern de l'inversor de potència reportat per telemetria.,144,,
374,52,2025-08-28 15:09:21.246551,Posada en marxa,En curs,S'ha detectat un error en el sistema de ventilació/refrigeració.,139,,
376,56,2024-09-03 02:06:19.449005,Correctiu no crític,En curs,Punt de recàrrega fora de línia des de fa més de 24 hores.,56,,
378,72,2025-06-21 04:02:00.387184,Correctiu no crític,Pendent,El connector Tipus 2 presenta signes de cremades o desgast extrem.,84,,
379,57,2024-06-13 23:15:33.368855,Correctiu crític,En curs,Salt de les proteccions elèctriques (diferencial) en iniciar la sessió.,131,,
380,70,2025-12-06 18:17:38.756348,Manteniment preventiu programat,En curs,Revisió periòdica i preventiva segons l'acord de nivell de servei (SLA).,32,,
381,32,2024-07-20 18:18:08.942374,Correctiu no crític,Pendent,La potència de càrrega està limitada i no passa de 11kW.,38,,
384,51,2024-08-16 14:02:33.376812,Manteniment preventiu programat,Pendent,Carcassa exterior danyada per impacte d'un vehicle.,41,,
386,19,2025-05-26 14:36:31.601939,Posada en marxa,En curs,El client reporta que el cable s'ha quedat bloquejat al vehicle.,136,,
389,12,2026-01-22 13:27:19.847439,Correctiu crític,Pendent,Carcassa exterior danyada per impacte d'un vehicle.,148,,
390,85,2024-03-14 08:43:31.832188,Correctiu no crític,Pendent,Error intern de l'inversor de potència reportat per telemetria.,71,,
392,60,2024-12-20 04:56:05.023624,Correctiu crític,Pendent,El connector Tipus 2 presenta signes de cremades o desgast extrem.,86,,
394,43,2025-12-11 13:14:35.203766,Correctiu no crític,Pendent,La pantalla està completament en negre i no respon als tocs.,75,,
395,82,2025-10-31 19:53:36.638396,Posada en marxa,Pendent,Punt de recàrrega fora de línia des de fa més de 24 hores.,79,,
398,87,2024-12-15 01:08:57.701426,Visita de diagnosi,Pendent,Error intern de l'inversor de potència reportat per telemetria.,60,,
400,5,2025-01-17 19:02:00.632409,Posada en marxa,Pendent,La potència de càrrega està limitada i no passa de 11kW.,111,,
402,45,2025-04-27 12:14:21.641435,Manteniment preventiu programat,En curs,S'ha detectat un error en el sistema de ventilació/refrigeració.,81,,
404,65,2024-04-11 17:22:30.389720,Posada en marxa,En curs,Pèrdua de connexió amb el servidor central (OCPP timeout).,30,,
405,57,2024-02-15 16:47:36.922086,Posada en marxa,En curs,Revisió periòdica i preventiva segons l'acord de nivell de servei (SLA).,83,,
409,56,2025-12-11 09:32:36.751812,Posada en marxa,En curs,El lector RFID no emet cap so ni reconeix les targetes dels usuaris.,136,,
410,32,2024-06-27 03:36:43.994184,Correctiu no crític,En curs,S'ha detectat un error en el sistema de ventilació/refrigeració.,133,,
411,37,2026-01-03 09:06:53.080116,Manteniment preventiu programat,Pendent,El connector Tipus 2 presenta signes de cremades o desgast extrem.,111,,
412,64,2024-07-18 18:21:20.142813,Visita de diagnosi,En curs,Carcassa exterior danyada per impacte d'un vehicle.,92,,
413,10,2026-03-17 13:23:39.756969,Manteniment preventiu programat,En curs,El connector Tipus 2 presenta signes de cremades o desgast extrem.,110,,
415,71,2026-02-03 13:21:38.096315,Correctiu no crític,En curs,El lector RFID no emet cap so ni reconeix les targetes dels usuaris.,56,,
419,78,2024-10-17 10:22:13.609135,Correctiu crític,En curs,Salt de les proteccions elèctriques (diferencial) en iniciar la sessió.,121,,
423,81,2024-01-09 12:17:31.021498,Correctiu no crític,Pendent,S'ha detectat un error en el sistema de ventilació/refrigeració.,79,,
425,19,2025-02-18 15:34:14.956647,Posada en marxa,En curs,El lector RFID no emet cap so ni reconeix les targetes dels usuaris.,113,,
429,48,2024-12-25 04:55:59.924877,Visita de diagnosi,Pendent,La pantalla està completament en negre i no respon als tocs.,61,,
431,65,2025-04-24 08:42:16.322742,Correctiu crític,Pendent,Revisió periòdica i preventiva segons l'acord de nivell de servei (SLA).,61,,
432,34,2025-10-10 01:31:14.100216,Manteniment preventiu programat,Pendent,Salt de les proteccions elèctriques (diferencial) en iniciar la sessió.,38,,
434,72,2024-08-02 16:25:38.899959,Correctiu crític,Pendent,El client reporta que el cable s'ha quedat bloquejat al vehicle.,56,,
435,49,2026-02-13 04:18:55.478800,Correctiu no crític,Pendent,Salt de les proteccions elèctriques (diferencial) en iniciar la sessió.,116,,
439,80,2024-02-21 20:18:49.770175,Posada en marxa,Pendent,El client reporta que el cable s'ha quedat bloquejat al vehicle.,64,,
440,56,2024-11-19 23:37:19.793471,Posada en marxa,En curs,El client reporta que el cable s'ha quedat bloquejat al vehicle.,134,,
441,78,2026-03-11 08:22:49.070430,Correctiu crític,En curs,El connector Tipus 2 presenta signes de cremades o desgast extrem.,30,,
442,54,2025-12-12 20:16:46.641117,Visita de diagnosi,Pendent,S'ha detectat un error en el sistema de ventilació/refrigeració.,88,,
443,97,2025-12-17 11:49:24.783871,Visita de diagnosi,En curs,Carcassa exterior danyada per impacte d'un vehicle.,129,,
445,88,2024-12-21 08:34:41.581517,Correctiu crític,Pendent,La pantalla està completament en negre i no respon als tocs.,93,,
447,93,2025-07-27 16:37:45.085098,Correctiu no crític,Pendent,La potència de càrrega està limitada i no passa de 11kW.,112,,
448,19,2025-12-11 18:06:05.284629,Manteniment preventiu programat,En curs,La pantalla està completament en negre i no respon als tocs.,143,,
449,89,2025-09-27 14:00:31.709392,Posada en marxa,En curs,Carcassa exterior danyada per impacte d'un vehicle.,75,,
452,61,2025-10-18 16:15:23.886535,Posada en marxa,Pendent,Salt de les proteccions elèctriques (diferencial) en iniciar la sessió.,137,,
454,85,2025-10-25 05:38:29.941511,Correctiu no crític,En curs,La pantalla està completament en negre i no respon als tocs.,93,,
455,91,2024-03-04 16:16:35.673365,Correctiu no crític,Pendent,La potència de càrrega està limitada i no passa de 11kW.,75,,
458,10,2025-03-11 13:05:55.624164,Visita de diagnosi,En curs,Punt de recàrrega fora de línia des de fa més de 24 hores.,61,,
459,62,2025-03-30 17:35:50.959458,Visita de diagnosi,En curs,El lector RFID no emet cap so ni reconeix les targetes dels usuaris.,91,,
460,32,2024-05-08 17:44:38.449208,Visita de diagnosi,Pendent,El connector Tipus 2 presenta signes de cremades o desgast extrem.,51,,
461,4,2025-05-24 22:46:50.306606,Correctiu no crític,En curs,Salt de les proteccions elèctriques (diferencial) en iniciar la sessió.,66,,
462,6,2025-10-31 08:25:08.660366,Correctiu no crític,En curs,La potència de càrrega està limitada i no passa de 11kW.,83,,
463,59,2024-01-21 10:53:29.692749,Correctiu crític,En curs,La potència de càrrega està limitada i no passa de 11kW.,86,,
464,19,2024-03-22 22:30:51.973954,Posada en marxa,En curs,El client reporta que el cable s'ha quedat bloquejat al vehicle.,90,,
465,51,2025-06-08 16:03:53.543096,Posada en marxa,En curs,Revisió periòdica i preventiva segons l'acord de nivell de servei (SLA).,71,,
466,80,2026-01-17 05:17:28.623148,Manteniment preventiu programat,Pendent,La potència de càrrega està limitada i no passa de 11kW.,94,,
468,89,2025-08-12 10:55:25.082687,Correctiu crític,Pendent,El client reporta que el cable s'ha quedat bloquejat al vehicle.,75,,
470,63,2024-11-26 04:16:31.980989,Correctiu no crític,En curs,El lector RFID no emet cap so ni reconeix les targetes dels usuaris.,61,,
471,9,2026-02-12 00:58:56.466692,Correctiu crític,Pendent,La potència de càrrega està limitada i no passa de 11kW.,101,,
472,42,2024-06-24 03:15:29.571352,Correctiu crític,Pendent,La potència de càrrega està limitada i no passa de 11kW.,65,,
473,64,2026-02-18 20:01:52.016196,Manteniment preventiu programat,En curs,Error intern de l'inversor de potència reportat per telemetria.,120,,
474,50,2024-08-08 05:00:18.725893,Correctiu no crític,Pendent,El connector Tipus 2 presenta signes de cremades o desgast extrem.,91,,
475,41,2025-08-06 15:11:09.432919,Posada en marxa,En curs,La pantalla està completament en negre i no respon als tocs.,132,,
476,87,2024-04-26 10:47:05.961807,Correctiu crític,En curs,La potència de càrrega està limitada i no passa de 11kW.,115,,
478,25,2025-01-18 12:21:29.816010,Manteniment preventiu programat,En curs,Error intern de l'inversor de potència reportat per telemetria.,146,,
479,34,2025-01-18 20:42:13.926946,Posada en marxa,En curs,Carcassa exterior danyada per impacte d'un vehicle.,93,,
480,65,2024-06-13 15:28:19.431262,Posada en marxa,Pendent,S'ha detectat un error en el sistema de ventilació/refrigeració.,69,,
481,92,2026-03-22 09:47:31.643759,Correctiu no crític,Pendent,Punt de recàrrega fora de línia des de fa més de 24 hores.,117,,
482,27,2024-12-04 19:52:38.463676,Posada en marxa,En curs,Revisió periòdica i preventiva segons l'acord de nivell de servei (SLA).,138,,
483,25,2025-01-17 05:31:43.885158,Visita de diagnosi,Pendent,Error intern de l'inversor de potència reportat per telemetria.,91,,
484,63,2025-04-09 17:23:05.206388,Visita de diagnosi,Pendent,S'ha detectat un error en el sistema de ventilació/refrigeració.,138,,
487,37,2024-02-23 09:51:51.724476,Correctiu no crític,Pendent,La potència de càrrega està limitada i no passa de 11kW.,144,,
488,22,2024-02-24 04:09:06.087086,Manteniment preventiu programat,Pendent,El connector Tipus 2 presenta signes de cremades o desgast extrem.,94,,
489,56,2024-01-14 00:19:36.374884,Correctiu crític,En curs,Salt de les proteccions elèctriques (diferencial) en iniciar la sessió.,148,,
491,34,2024-05-29 20:39:11.896043,Manteniment preventiu programat,Pendent,Pèrdua de connexió amb el servidor central (OCPP timeout).,132,,
492,7,2025-04-06 13:23:53.319761,Posada en marxa,En curs,El connector Tipus 2 presenta signes de cremades o desgast extrem.,136,,
493,57,2024-03-16 17:15:39.905197,Correctiu no crític,En curs,El connector Tipus 2 presenta signes de cremades o desgast extrem.,46,,
494,37,2025-09-18 23:30:34.184894,Correctiu no crític,En curs,S'ha detectat un error en el sistema de ventilació/refrigeració.,109,,
495,41,2025-01-14 08:17:44.866479,Visita de diagnosi,Pendent,Punt de recàrrega fora de línia des de fa més de 24 hores.,88,,
498,30,2024-07-19 16:05:45.291296,Correctiu no crític,Pendent,La potència de càrrega està limitada i no passa de 11kW.,40,,
499,67,2024-03-29 00:23:51.194885,Correctiu crític,Pendent,Error intern de l'inversor de potència reportat per telemetria.,119,,
500,31,2025-03-03 18:08:40.213604,Visita de diagnosi,En curs,Revisió periòdica i preventiva segons l'acord de nivell de servei (SLA).,79,,
