node_id,latitude,longitude,address,city,priority,work_type
NZ05DQ293BKMKCXYCD7I,Ajuntament de Cabrera de Mar - LAFON EdRR 3,41.51103,2.401058,"Av. Burriac, 24",0,Commissioning
P99LQFB1FKNWPYFMH5SX,Constantí - INGETEAM EdRSR 1,41.152386,1.216997,"Av. Onze De Setembre, 5, 43120 Constantí, Tarragona, Spain",1,Preventive
PJ4XQUW9OJIT85ZHOCUG,Unknown,41.748814,1.861665,"Cataluña 08272 Es, 08272, Barcelona, Spain",1,Preventive
NPMBDHG7PYW0S9E6ZQ6C,Unknown,41.75207,1.861258,"Carrer Aneto, 2-12",0,Commissioning
MZDJYZH8ZD1UA7TRE6IY,Unknown,41.629578,0.621165,"Av. De Pinyana, 2, 25005 Lleida, Spain",0,Commissioning
AID9PEQQ2WDYSFTIQUXC,Unknown,41.335068,1.685886,"Avinguda De Tarragona, 143D",0,Commissioning
KWXL32QBF3P9HNLNLMNB,Unknown,41.06718,1.064081,"Rambla De Jaume I, 63",0,Commissioning
QM7V77JZQ3S8DWMYID15,Unknown,41.526085,2.394125,Plaça De La Fàbrica,0,Commissioning
YZF7KWZDZCFL6RYQM25Q,Constantí - INGETEAM EdRSR 3,41.15287,1.213909,"Carrer Major, 32",2,Diagnosis
O6DBN0JPPJPLLQE0H0VL,Unknown,40.712418,0.57894,"Avinguda Alcalde Palau, 57",1,Preventive
VDMMH3CTKTNZCZMYF7SO,Unknown,41.06472,1.057482,"Carrer De Robert Gerhard, 4",3,Non-critical Corrective
GCJVV4IUSYBLOXSCSCLE,Unknown,41.511166,2.400972,"Av. Burriac, 24, 08349 Cabrera De Mar, Barcelona, Spain",1,Preventive
IDU3IHL13GOSRVFNWFNV,Constantí - INGETEAM EdRSR 2,41.151882,1.214421,"Carrer Barcelona, 11, 43120 Constantí, Tarragona, Spain",2,Diagnosis
YMUBOK3JBIQNT7FO8ADG,Unknown,41.064697,1.05762,"Carrer Robert Gerhard, 2",0,Commissioning
KHVUYWRTGMFFLAIF8MH6,Unknown,41.620327,0.618009,"Carrer Magí Morera, 60, 25006 Lleida, Spain",3,Non-critical Corrective
IZFG9E6ZDHESINSFQKBJ,Unknown,41.238686,1.757855,"Carrer De Les Modistes, 8",1,Preventive
8GFTJ5TO8HXNT6AVOKO2,Unknown,41.259373,1.77387,"Carrer De Lluís Companys, 75",1,Preventive
NJKOGMRCXCOBUFKWQNRV,Unknown,41.752758,1.872272,"Av. Bertrand I Serra, 22, 08272 Sant Fruitós De Bages, Barcelona, Spain",1,Preventive
AP07G1ELTJ1URQNXISFB,Unknown,41.75166,1.876798,"Ctra. De Vic, 93, 08272 Sant Fruitós De Bages, Barcelona, Spain",1,Preventive
HQGOPQKKRMXD1UCYIZHC,Unknown,41.230183,1.745233,"Avinguda De Mas D'en Serra, 2",0,Commissioning
1DM4T6BOMI4XGYCTWLEF,Unknown,41.848434,2.388389,"Gi-520, 3A, 17406 Viladrau, Girona, Spain",4,Critical Corrective
VQKCEPUTXKGZJN4AAMRR,Unknown,40.81415,0.515161,"Carrer D'alcanyís, 14, 43500 Tortosa, Tarragona, Spain",2,Diagnosis
K5CLSR7QZ9QCCGGN4CSY,Unknown,40.81688,0.52428,"Plaça De La Immaculada, 16",1,Preventive
2ZH9O5N5IIPDMIM9E4YB,Unknown,40.807564,0.520117,"Av. De La Generalitat, 101, 43500 Tortosa, Tarragona, Spain",0,Commissioning
IKI2ABQHCCREIKMHJBLO,Unknown,42.092537,1.825572,"Cami De Can Ballús, Polígon Industrial La Valldan",1,Preventive
J6M2KZDQ9C5UZQ8ECCVE,Unknown,42.10457,1.851792,"Passeig De La Indústria, 13",1,Preventive
8LHD9WXR7GXJJQBWW6MU,Unknown,42.09448,1.821491,"C Germans Farguell, Sn",1,Preventive
3OTTQLSTOBYXB2BYGG6A,Unknown,42.0973,1.846133,"Carrer Francesc Macià, 14",1,Preventive
K3KGDADWAI1DZMTJ6NTP,Unknown,41.736813,1.828364,"Carrer De Bertran De Castellbell, 81",0,Commissioning
GOJODSGDFLUZG19WPRLK,Unknown,42.264854,3.171301,"Av. De Rhode, 65, 17480 Roses, Girona, Spain",0,Commissioning
CBLJBOHWZNICSFIFT5IF,Unknown,41.724213,1.845599,"Carrer De Joan Fuster, 940, 08243 Manresa, Barcelona, Spain",0,Commissioning
UJODD0JRW1HAXBK1RARR,Unknown,42.26352,3.178917,"Carrer De La Riera Ginjolers, 68",1,Preventive
H29SLQ5MJ3MVY3ZMTEFG,"Passatge Ajuntament, 16",41.86148,2.662512,"Ctra. Sant Hilari, 2, 17430 Santa Coloma De Farners, Girona, Spain",0,Commissioning
ZR9BRFMOMCKSHNTSH5N4,Unknown,42.308895,3.013139,"Camí De La Garriga, 3, 17491 Perelada, Girona, Spain",0,Commissioning
YSXAJ2TFKG1VNPI3C5CL,Unknown,42.31046,3.012,"Passeig De Catalunya, S/N",1,Preventive
NDA1LIE3MJMXBVHSQ9TJ,Unknown,41.00364,0.928718,"Av. Màlaga, 34, 43892 Miami Platja, Tarragona, Spain",2,Diagnosis
Y3BZXQTF01FGUNLANPU8,Unknown,41.082844,0.958994,"26 Partida Boveral, 43300, Tarragona, Spain",1,Preventive
ZVVDHIH8U3PGLXZTZUOA,Mont-roig del Camp - INGETEAM EdRSR 1 Ajuntament,41.00675,0.935722,"Av. Califòrnia, 15",1,Preventive
A7GLIRSZNLB3Q3RL3TRX,Unknown,41.010136,0.938962,"Av. Del Mar, 21",1,Preventive
SGQ0S6FWE4ZAWOBGGXWO,Unknown,41.616524,2.660381,"Carrer De Sant Joan, 104, 08370 Calella, Barcelona, Spain",1,Preventive
X8MPE6VV8Y2GW4GMVHL0,Unknown,41.377373,1.163606,"Muralla De Sta. Tecla, 51, 43400 Montblanc, Tarragona, Spain",0,Commissioning
NEX01GPUKCXF8DSP8OSH,Unknown,41.375767,1.163327,Carrer Jaume Conesa,0,Commissioning
I66N3OEXTVQ1QJAVD2Q2,Unknown,40.794773,0.525542,"Carrer Barcelona, 154, 43518 Tortosa, Tarragona, Spain",1,Preventive
W85KYN9DRKTYSOOQ4Y2E,Unknown,40.77003,0.654832,Viver D'empreses Baix Ebre Innova - Oficina 11,1,Preventive
GMBPVXSKEQY2ERUDSXNO,Unknown,41.485634,2.030229,"S/N, Rambleta De Joan Miró",1,Preventive
7NPB1BO0WT0FYATKTXJT,Unknown,41.502808,2.04375,Carrer Del Futbol S/N (Aparcament Complex Esportiu Can Rosés),0,Commissioning
5O1556UVM7PW6QW1G2IR,Unknown,41.48497,2.029917,Rambleta De Joan Miró Sn,1,Preventive
UCHEATTOP0Z7EBY9LFPN,Unknown,41.494,2.029413,"Carrer De Joaquim Blume, 28",0,Commissioning
HZC8SO50EVKZGE5QEXSJ,Unknown,41.48572,2.030192,"Rambleta De Joan Miró, S/N",0,Commissioning
SX25YOBOGVR4I37VJ80T,Unknown,41.491016,2.025064,"Passatge Topazi, 12",0,Commissioning
5MHWDCIOYEBQSDIF0P24,Unknown,41.501637,2.029355,"Carrer De Can Serra, 3",1,Preventive
1AGRB3FQFJECOPOEC7EK,Unknown,41.194393,1.624786,"Carrer Les Sorres, 17, 43881 Cunit, Tarragona, Spain",0,Commissioning
1TWGXRMR0MR9HRXPI32Y,Unknown,41.196133,1.633675,"Av. De La Font, 64, 43881 Cunit, Tarragona, Spain",1,Preventive
63TVNNR74GRI1OB49OKU,Unknown,41.19981,1.626726,"Carrer De La Creueta, 17",3,Non-critical Corrective
06SOPOWLCJQRVEF9GR63,Unknown,41.200115,1.635514,Cr. Onofre,2,Diagnosis
MSTSG6I2NTXHVGBV5RRB,Unknown,41.589275,1.621518,"Carrer De Lecco, 30, 08700 Igualada, Barcelona, Spain",0,Commissioning
LEXHFILK011AU5XG81NX,"Plaça de l'Ajuntament, 12",41.899857,1.879304,"Plaça De L'ajuntament, 12",1,Preventive
TPL4LPWNMAAYVVHHUAQD,Unknown,41.898224,1.876346,"Carrer Santa Eulàlia, 2, 08670 Navàs, Barcelona, Spain",2,Diagnosis
NU8KIBIOZSVUCTGBAHVA,Unknown,41.790073,2.78033,"Carrer Costa Brava, 144, 17411 Vidreres, Girona, Spain",1,Preventive
XC1CLUOSGSK8VQYYPTBP,Unknown,41.287525,1.258783,"Plaça De La Vil·La Romana, 5, 43800 Valls, Tarragona, Spain",1,Preventive
VNRRDA3NFIFZQUJQJCXU,Unknown,42.268986,2.966869,Plaça Tarradellas,1,Preventive
B9TVN30B5S9EZOBWYNYS,Unknown,42.259785,2.966682,"Carrer Torras I Bages, 42",2,Diagnosis
CANBVMHPDVQTM5QSR6AU,Unknown,40.991882,0.92141,"Carrer Cementeri, 2, 43890 L'hospitalet De L'infant, Tarragona, Spain",2,Diagnosis
SL6H5R92ZVEPEIZTKZBA,Unknown,41.009315,0.912715,"Carrer Martí Franques, 5",2,Diagnosis
FVGHQR7UPBMORNJG1ISG,Unknown,41.02096,0.83128,"Carrer Major, 30",2,Diagnosis
NZPUYUDVUXLAUC5ZWU67,Ajuntament de Vandellòs i l'Hospitalet de l'Infant - SELBA EdRSR 1,40.98877,0.924508,"Passeig Marítim, 9",1,Preventive
BIOPRWSPJYCYYH5G6KUZ,Unknown,40.98882,0.913775,"Carrer Recó Del Vaqué, 8-12,",1,Preventive
TCDIL3KKWLFQKDQSFAMZ,Unknown,41.12216,1.206972,"Poliesportiu, 43006 Tarragona, Spain",0,Commissioning
TIS65CQCTSJPEXREC7ZE,Unknown,41.129986,1.200249,"1B Carrer 2 Tarragona Catalunya 43006 Es, 43006 Gavarres, Tarragona, Spain",2,Diagnosis
OPZUUOWGLQXO6UCKTQQ7,Unknown,41.1208,1.272016,"Carrer Salvador Espriu, 1",1,Preventive
ZQ0UCT4QI2QY05VCSS28,Unknown,41.119167,1.246108,"Av. D'estanislau Figueres, 68",1,Preventive
0VPDXLOR7JMWGKEQPCUF,Unknown,41.11386,1.241051,"Carrer De Vidal I Barraquer, 38",0,Commissioning
UYSQYIZWGRNEWFT3RHBZ,Unknown,41.830772,1.750017,"Carrer D'ignasi Abadal, 25, 08260 Súria, Barcelona, Spain",1,Preventive
1ZYKZNPUVA6RIASYWOML,Unknown,41.835037,1.76336,"Carretera De Balsareny, 113-115",2,Diagnosis
NTDFUH1LUFQT39CTAIRU,Unknown,41.814617,1.760016,"Plaça Sau 6 La Pobla Sud, 12",1,Preventive
XNUREJFI8VIUWQDKCMMB,Unknown,41.388187,2.007974,"Fotolinera Edifici De La Foneria. Carrer Claverol, 6",0,Commissioning
YHYAVZBK8NCXNZOLXXCM,Unknown,41.18967,1.567321,"Ctra. Sanatori, 29",1,Preventive
8Y1V6MYYJYR0IOWE1FM8,Unknown,41.190044,1.604437,"Passeig Marítim De Sant Joan De Déu, 230-228",3,Non-critical Corrective
MOGYV7YNCOZ08EQYQIOL,Unknown,41.19994,1.567828,"El Carrer Del Clos Del Becu, 7-1,",1,Preventive
ETVQFD6HV5PWIC85DVPC,Unknown,41.2622,1.171821,"Plaça De L'església Vella, 1, 43460 Alcover, Tarragona, Spain",1,Preventive
VAARPYYKXTCFPZIWS65H,Unknown,41.261284,1.165329,"Avinguda De Miquel Martí I Pol, 43, 43460 Alcover, Tarragona, Spain",2,Diagnosis
NLUYVONK2QCAIIC85CHD,Unknown,41.980637,2.309591,C/ Joan De Mas 2,1,Preventive
02EANTFGB7B77YYMUHVT,Unknown,41.83543,2.279463,"Ronda Del Pintor Mombrù, 37, 08553 Seva, Barcelona, Spain",0,Commissioning
FMLSC1PZRMQCENHSDMJT,Unknown,41.838024,2.280819,"C. Call D'en Camps, 1",1,Preventive
7WHVEGV23YR1CTXE3XUH,Unknown,41.57556,0.517052,"Bar Restaurante Cooperativa, Carretera Valmaña, Km. 2",0,Commissioning
PEDF7EAWMZIVHQLL2M7K,Unknown,41.232903,1.736164,"Ronda D'europa, 68",2,Diagnosis
KLWHPYKKGCGBIXOJML0E,Unknown,41.114964,1.215361,Travessia Ctra. València-1,1,Preventive
HC6FVMJTKGVUBNFL9HEG,Unknown,41.1164,1.230362,"Carr. Valencia, Km 248",0,Commissioning
YJCHQJJ4P7NYAJ0V5LG1,Unknown,41.115192,1.218196,"Carr. Valencia, 206",2,Diagnosis
WIVSXNIOFRV94NFK0NZ4,Unknown,41.151257,1.112952,"Carrer De Cambrils, 0, 43204 Reus, Tarragona",1,Preventive
EHXBUZOBFOY70E8LSLSO,Unknown,41.929665,2.245347,"C/ Eix Onze De Setembre, 26",1,Preventive
SLDNUE97SVVGUKQXRTQ3,Unknown,42.256325,2.969787,"Carrer Nou, 217",1,Preventive
3F9JCHHXLHL5XPGXX1DM,Unknown,41.33678,1.687874,"Avinguda De Tarragona, 135",1,Preventive
SM0RJ3W3NY4VHLD4YIER,Unknown,41.116467,1.230811,"Carr. Valencia, Km 248, 8",2,Diagnosis
UDID1FNYOX9UT78W8V3Z,Unknown,41.1377,1.229063,"Carrer De La Plata, 3",1,Preventive
OMS7LSQJRCQ3BE5HQ1M4,Unknown,41.336872,1.688275,Concessionari Vilamòbil,1,Preventive
1XVWC9S7TE6102I1MYSB,"Plaça de l'Ajuntament, 1",41.62205,2.277313,"Avinguda De Canovelles, 97, 08420 Canovellas, Barcelona, Spain",1,Preventive
S5DTS8PT7ABWGFJL5ZD8,Ajuntament de Canovelles - SELBA EdRSR 3,41.617214,2.280024,"Carrer Rec, 34",3,Non-critical Corrective
PVTQA7J2EASAZABMWAJS,Unknown,42.048332,2.262815,Placeta Pujol 40,2,Diagnosis
MBUKEJEBLVCAZU6384UG,Unknown,42.04435,2.258716,Passatge Dels Esports S/N,3,Non-critical Corrective
LJ6NUBHJD8RXHUJ83VAI,Unknown,41.837803,2.807591,"Carrer De Pla I Deniel, 13",1,Preventive
9LYNEWGIOTMHU3PIPDJJ,Unknown,41.835743,2.808608,"Carrer Nou, 60",0,Commissioning
O9TD9WIQGXOKPZUM27SM,Unknown,41.838642,2.808712,"Carrer De Vall-Llobera, 17",2,Diagnosis
7GQEP7VIXDVAJTNM3EL8,Unknown,41.750248,1.9033,Carrer Pau Clarís,2,Diagnosis
TWDY7NNW8ZTTPWA1B1LL,Unknown,41.285545,1.721297,"Av. De Daltmar, 38B, 08811 Canyelles, Barcelona, Spain",0,Commissioning
EZPVYYJO7O9YYLKNCS8M,Unknown,41.62557,2.362571,Av. Del Vallès,1,Preventive
PMLZEG7NVFE4IFITHLD2,Unknown,41.639225,2.361024,Carrer Dr. Klein 106,0,Commissioning
Q0FZUBBS6WAPXRAIWXNO,Unknown,41.640217,2.355981,"Carretera De Cànoves, 28",1,Preventive
RN7OARPN5QKZOP6IHK9N,Unknown,40.956844,0.315549,Av. Generalitat 13,0,Commissioning
QDDTUE5LBZGXG60LYOTV,Unknown,41.182938,0.566697,"Carrer Del Reg, 6",1,Preventive
ERWTHNJFVZ1TCDGA0H8C,Unknown,41.188507,0.567002,Carrer De L'estadi,1,Preventive
NNX8BLVRODFXPJDGSB32,Unknown,41.621002,2.279463,"Carrer Diagonal, Barcelona",0,Commissioning
VUPOQ8UTYBBZD1GBNDGO,Unknown,41.923798,2.322932,"Avinguda Nostra Senyora De Montserrat, 15, 08504 Sant Julià De Vilatorta, Barcelona, Spain",1,Preventive
WM5MAPUIX15GC2ZNCSWX,Unknown,41.824203,1.898686,Plaça De Santa Maria,0,Commissioning
T5PTWGEQLZDHRWDZFNSR,Unknown,41.82701,1.892525,"Plaça Catalunya, 2, 08650 Sallent, Barcelona, Spain",2,Diagnosis
PUADFEQNHFGLW7JVJO5U,Unknown,41.665222,1.860236,Plaça Generalitat 27,1,Preventive
5YDA8BKPQY8BZIXSEDFC,Unknown,41.89336,2.801601,"Plaça Ajuntament, 1",2,Diagnosis
2JZMJ4JYWWY8YO8BDMZT,Ajuntament de Malla - SELBA EdRSR 1,41.894115,2.243276,Plaça De L'ajuntament,0,Commissioning
3DFQAC2DRSKODMJKB4X3,Unknown,40.431507,-3.689979,"P.º De La Castellana, 31",2,Diagnosis
ZHVGNWHHFEF6HU0ADMKJ,Unknown,41.956966,3.159175,"Lloc Barri Camargas, 17A",2,Diagnosis
BVAJJPUV8WRR0P6HJVME,Unknown,41.19264,1.604069,"Ctra. Barcelona, 82",1,Preventive
LOZ8TR0DL9D2KATGCK17,Unknown,42.39144,3.002428,"Carrer De Banyuls, 24-18",2,Diagnosis
WG1E0ZQVUXT9LDC2H4BE,Unknown,42.374393,2.92272,"Carrer Sant Climent, 27, 17750 Capmany, Girona, Spain",2,Diagnosis
ILT50BKWIKMUUKKLBW2Z,Unknown,42.4167,2.872906,"2 Plaça Ajuntament, 17700 La Junquera, Girona, Spain",3,Non-critical Corrective
ZRBYGP2PGD7G1RG1ZFQH,Unknown,41.09772,0.648795,"Plaça De Catalunya, 15, 43770 Móra La Nova, Tarragona, Spain",1,Preventive
B1AHFW6O8THGO19NG91G,Unknown,41.10044,0.653326,Carrer Imperial Tarraco 2,0,Commissioning
Z4YQCYCXHYYNX0HRRQYM,Unknown,39.379795,3.226912,"Av. Dels Benvinguts, 34, 07660 Santanyí, Illes Balears, Spain",0,Commissioning
XAA3QV9IWKZUSXX5NAD5,Unknown,41.08972,0.643364,"Av. De Les Comarques Catalanes, 2, 43740 Móra D'ebre, Tarragona, Spain",2,Diagnosis
3QIFLNAJWBTWFF7CZVNL,Unknown,41.783764,1.28736,"Carrer Dels Ametllers, 2, 25210 Guissona, Lleida, Spain",1,Preventive
9ZYALEFWF72NIP8JIEXY,Ajuntament de Guissona - SELBA EdRSR 1,41.78422,1.296582,"Rambla Dels Segadors, S/N",0,Commissioning
YNCC3WYKHMKKNKYUG7WY,Unknown,39.648304,2.756531,"Cr C-713, 13,1",1,Preventive
EKJ36TZMECMIXRSFJSM0,Unknown,39.625546,2.723926,"Carrer Gerrers, 52, Parcela 194",1,Preventive
9PO9IHK2HJIH5GM7EEIY,Unknown,41.557182,2.252292,"Carrer De Vic, 101, 08160 Montmeló, Barcelona, Spain",0,Commissioning
B3TIK5VS3NVPTF3JOC59,Unknown,39.711952,2.902039,"Calle Del Gral. Luque, 448,",1,Preventive
FYBZ2Y3LCRLLYWKAMLD8,Unknown,41.861305,1.873758,"Carr. De Moià, 4, 08660 Balsareny, Barcelona, Spain",2,Diagnosis
R2RY0OPDYUR33N8G3SF4,Unknown,41.599754,2.028403,"Passeig D'àngel Guimerà, 28",0,Commissioning
EUAA4ZNWNEJ8DSSCQZYW,Unknown,40.596043,0.449434,"Passeig Estació, 33D, 43550 Ulldecona, Tarragona, Spain",2,Diagnosis
Y1UPGCHFGISMOK3JV8AY,Urban T22 - C/ Joan Paloma - CIRCUTOR EdRSR - Ajuntament de  Matadepera,41.59697,2.026501,"Plaça Ajuntament, 08230, Barcelona",3,Non-critical Corrective
5NZGPL7H10C6FV4PIAMS,Ajuntament de  Matadepera - CIRCUTOR EdRSR 2,41.59591,2.030154,"Av. Mas Sot 38, Amb C. St Quirze,",1,Preventive
ZLL5EUQKGMC1HLMFHN5W,Unknown,41.59913,2.090367,"Carrer De La Segarra, 4",0,Commissioning
OXRDJ891ROLLDQOXQV3M,Unknown,41.599117,2.090367,"Carrer De La Segarra, 4",1,Preventive
U7MEB1JUL1PB1UXVBBGE,Unknown,41.531235,1.381736,"Carr. De Montblanc, 8B, 43420 Santa Coloma De Queralt, Tarragona, Spain",0,Commissioning
PBTBBIA7UZV8FHUBTLNY,Unknown,41.59911,2.090367,"Carrer De La Segarra, 4",1,Preventive
H7TTHFW6JYC1IDGIT9VF,Unknown,41.5991,2.090367,"Carrer De La Segarra, 4",0,Commissioning
1M5R6GRZJ7Z94HYCJX3H,Unknown,41.599136,2.090367,"Carrer De La Segarra, 4",2,Diagnosis
HFQOQ4EXLVGGAOWJI0YA,Unknown,41.599087,2.090367,"Carrer De La Segarra, 4",1,Preventive
ZHFI4XOEI8BZ2DDWZG2K,Unknown,42.12587,2.762317,"C-150A, 17820 Bañolas, Girona, Spain",3,Non-critical Corrective
DV1EMORBVPWDL4RSOBVV,Unknown,42.117718,2.756792,"Passeig De Mossèn Lluís Constans, 4, 17820 Banyoles, Girona, Spain",2,Diagnosis
U38JSHGM1UO0X74U4HLL,Ajuntament de Banyoles - SELBA EdRSR 2,42.11912,2.764765,"Plaça Dels Estudis, 2, 17820 Banyoles, Girona, Spain",1,Preventive
OCXDEKBXSOTWAMKTY2NE,Unknown,41.781673,1.836865,"Carrer Roger De Flor, 13, 08251 Santpedor, Barcelona, Spain",1,Preventive
ECRUZHIIAGIOZKI33QIN,Unknown,41.48536,1.919567,"Carrer Marie Curie, 1, 08760 Martorell, Barcelona, Spain",1,Preventive
BQQBXPNWVYXRK4UHHNHJ,Unknown,41.915398,1.18543,"Avinguda Font De Valldans, 1, 25740 Ponts, Lérida, Spain",0,Commissioning
K39EMIBPEK3CQGWUHUXV,Unknown,41.491707,1.913204,"Camí De Can Bros, 38, 08760 Martorell, Barcelona, Spain",1,Preventive
IRUBSSX70LXOONWHFP1U,Unknown,41.476974,1.914794,"Rambla De Les Bòbiles, 14",2,Diagnosis
DFE0CV0281NGMMCUOOAA,Unknown,41.471725,1.911494,"Carrer De Gelida, 53",3,Non-critical Corrective
T2SGTVTO99DBTC72FG8M,Unknown,41.475666,1.928167,"C. Revall, Barcelona",1,Preventive
BF26TBP9AUUNKYFNEOKI,Unknown,41.482094,1.91152,"Carrer D'enric Prat De La Riba, 38",0,Commissioning
GCPSPV4Z1JP5X0ZP3DSS,Ajuntament de Martorell - SELBA EdRSR 1,41.48087,1.914528,"Av. Francesc Riera, S/N",0,Commissioning
XUMPMS8IW71EQ9PEKVSZ,Ajuntament de Martorell - SELBA EdRSR 2,41.484844,1.913873,"Carrer Josep Vilar, S/N, Pavelló Can Cases",1,Preventive
FGAZYSDCSTSAYKLVRSWO,Ajuntament de Martorell - SELBA EdRSR 3,41.478325,1.911591,"Carrer Nou Vial, S/N",2,Diagnosis
IEKELUW13WSVOLYRJS6Q,Unknown,41.48068,1.92429,"Av. Joaquim De Barnola I Bassols, 24,",1,Preventive
MHIIZLIRFKVVB1GGKPNP,Unknown,41.4721,1.920596,"Av. Mancomunitats Comarcals, 1, 3",2,Diagnosis
BKTQDJBHPURPBN3HST6U,Unknown,41.465214,1.948633,"Avinguda Del Congost, 11",1,Preventive
HTARXCZTTJ087JDQ2QLA,Unknown,41.99612,1.517235,"Vall Fred, 1, 25280 Solsona, Lleida, Spain",0,Commissioning
43T1BJSH0ETKN8HYLI7W,Unknown,41.993477,1.515356,"Plaça Del Camp, 2, 25280 Solsona, Lleida, Spain",0,Commissioning
SA86RBFCST3RCR1AEA2P,Unknown,41.695663,2.440322,"Carrer D'en Jaume I, 35, 08460 Santa Maria De Palautordera, Barcelona, Spain",2,Diagnosis
GLOSODBPHRX6Z6AYHXNZ,Unknown,42.250843,2.910867,"Diseminado Mas Margall, 11, 17742 Avinyonet De Puigventós, Girona, Spain",2,Diagnosis
OYQ4MYZFPSQGWMU16DDP,Unknown,40.71757,0.492192,"Carrer Isaac Peral, 13, 43570 Santa Bàrbara, Tarragona, Spain",2,Diagnosis
C1RCVJM1IHBLM9WCFVN1,Unknown,42.006065,2.294342,"Carrer Eduard Rifà, 76",0,Commissioning
LOFXKLGL6DVQK8C2IVCP,Unknown,41.39514,1.09848,"T-700, 12, 43440 Espluga De Francolí, Tarragona, Spain",1,Preventive
SCXCPEI04XPOWMPIIWNL,Unknown,41.231365,0.551513,"Carrer Francesc Macià, 29",1,Preventive
42MYAGC5FZ9ABV4NLQLM,Unknown,41.040512,0.25104,"Carrer Major, 43, 43787 Caseres, Tarragona, Spain",2,Diagnosis
48ZCWRDPQHXWVN7QZNM1,Unknown,41.414997,1.923611,"Carrer Josep Tarradellas, 2, 08757 Corbera De Llobregat, Barcelona, Spain",0,Commissioning
ZE37KEDDZRE1UR8A4U4M,Unknown,41.416515,1.927463,"C. De La Pau, 3",1,Preventive
VJCISF5GZUHMD0IDXFPB,Unknown,41.50906,2.114064,"Av. De Burgos, 30-42, 08214 Badia Del Vallès, Barcelona, Spain",2,Diagnosis
LNBSXU8MTS0YG1GOZJFP,Unknown,41.624805,0.894075,"Carrer Llorenç Vilaró, 7, 25230 Mollerussa, Lleida, Spain",1,Preventive
MTDZUR5KNEIGJKYJGRSF,Unknown,39.584785,2.618857,"Camí De Son Rapinya, 30, 07013 Palma, Illes Balears, Spain",1,Preventive
UR05XMK9JKRF2ACILZXG,Unknown,39.820515,3.11475,"Carretera D'artà, 111",1,Preventive
PRC6IHUE8LCXEGDQ7O0G,Unknown,41.732155,1.51378,"Pl. Dels Arbres, 1, 08280 Calaf, Barcelona, Spain",2,Diagnosis
2B6QYLL1PXIBT666WPTF,Unknown,41.520054,0.867339,"Passeig Del Terrall, 4, 25400 Les Borges Blanques, Lleida, Spain",1,Preventive
1TWASUAFGJ6ABHS8TJQL,Unknown,41.547047,0.828654,"Carrer Cami Borges, 54, 25430 Juneda, Lleida, Spain",1,Preventive
JXMP7UM6VZ2E3YTAQP85,Unknown,41.574585,1.60887,"Ctra. De Valls, 57, 08710 Santa Margarida De Montbui, Barcelona, Spain",2,Diagnosis
4LXDMOFDBHUDS0T5UORK,Unknown,42.830006,-1.666899,"Calle Víctor Eusa, 1",1,Preventive
3DFKIVCZJMY3ZBPMIIUM,Unknown,42.821968,-1.668427,"Plaza Doctor Gortari, S/N",3,Non-critical Corrective
SLKKCJ7UD846LW7LB8NO,Unknown,42.819386,-1.657191,"C. Monasterio De Irache, 2",2,Diagnosis
QHGKXN1I9R3NAT7249F1,Unknown,42.830364,-1.667445,Av. De Guipúzcoa,2,Diagnosis
JOMTGVKF17NHP9FHWCFT,Unknown,42.81054,-1.672398,"Calle De Irunlarrea, 36",0,Commissioning
SIHDHXYFWL3KDQJSIJIC,Unknown,42.80268,-1.63643,"C. Tajonar, C2n, 31006 Pamplona, Navarra",2,Diagnosis
MEC5ZDD47K06FLIHIJBP,Unknown,42.058098,2.238844,"Avinguda Del Castell, 1, 08573 Orís, Barcelona, Spain",3,Non-critical Corrective
XTFWBDSBICZRZ7FLZZ5F,Unknown,42.82907,-1.644691,"Rochapea, C. De Ansoain, 3,",0,Commissioning
YDZEPFXTKWUGONROUEM3,Unknown,41.21141,0.978858,"Avinguda De Catalunya, 68, 43365 Alforja, Tarragona, Spain",1,Preventive
Y8YYKK5PIKP96HC60EQL,Unknown,41.321007,1.662544,"Avinguda De Catalunya, 80",0,Commissioning
NNWH1EMMKTU4KKTUSDNM,Unknown,42.102943,2.216019,"Carrer D'emma, 13,",1,Preventive
AHDOFAKIGQ3HVEEYNBD3,Unknown,41.481712,2.269227,"Carrer Mediterrània, 3",1,Preventive
XMRS1F8OZJNCGCNQNC4T,Unknown,42.100266,2.222638,"C. De L'església, 2",1,Preventive
ODTWJJN6LE2Q3UNROBN6,Unknown,41.96455,2.737352,"Carrer Joan Miró, 6",3,Non-critical Corrective
T0CXNRIYIRMCUMVKFQOR,Unknown,41.59803,1.699689,"Avinguda De La Unió, 11,",0,Commissioning
L086USI5NVNZWCTGZ9AM,Unknown,40.92165,0.401089,"Carrer De La Carretera, 12",0,Commissioning
NBUH6NZGW61TMKG4QI9W,Unknown,41.5546,2.158704,"Carr. De Sentmenat, 70",1,Preventive
DTYCLSH6RJ6UWEKAYUCP,Unknown,41.563026,2.155133,"Carr. De Sentmenat, 141",1,Preventive
0NIFZGZTX513JKRXO31B,Unknown,41.555428,2.160479,"Carrer De La Rosa, 55A",1,Preventive
TVRME5VCP6EEAXLMHDKT,Unknown,41.555058,2.150274,"Carrer Victor Català, 5-1",1,Preventive
TVK3C0RJL0ICB4V67MBU,Unknown,41.553387,2.154972,Av. Lluis Companys - Balmes,1,Preventive
NUFQI6FSCOIUWWO9WN9U,Unknown,41.560886,2.152137,"Avinguda De Sabadell, 11-13",1,Preventive
NDCRVLX0HHQACUKYKLCL,Unknown,41.553528,2.157638,Rambla De Rafael Casanova,1,Preventive
NICALHSJ6MCJYBBL6VQ4,Unknown,41.651646,2.230033,"Ctra. Sagrera, 2",2,Diagnosis
7DXARTSZYQ4Q7XCQHOOB,Unknown,41.96873,3.147312,"Plaça Catalunya, S/N",1,Preventive
DCPHA7LX8IGQBVDUTPIF,Unknown,41.64065,2.232702,"Ctra. Sagrera, 3",0,Commissioning
PKJEVDJ0ASYRU6DBTEEA,Unknown,41.24261,1.249082,"Plaça Major, 1",0,Commissioning
YVBVJVBGZT3Z47G3SOGP,Unknown,42.337803,1.405644,Parking Aeroport La Seu,0,Commissioning
UQTSXL8MDZLNKL6R98LN,Unknown,41.449177,1.729436,Carrer De Les Escoles,1,Preventive
G2GJVH5WYOYROAEE9JSG,Unknown,41.444874,1.730479,"Carrer De Montserrat, 17",3,Non-critical Corrective
LRF3WWGLAIRFTPKHROIJ,Unknown,42.25103,2.996561,"Carrer Pau Casals, 9",1,Preventive
UUPPQO9QZKVQMD5T7LGG,Unknown,41.41505,1.650047,Carrer La Carrerada,1,Preventive
HWNXEGWBQJTGDHVMQLLM,Unknown,42.071793,2.816868,"Lloc Zona Ind. La Banyeta, 8",2,Diagnosis
59GISWFO8GMRDZLEHKOU,Unknown,41.93097,2.812702,"Cami Avellaners, 1",0,Commissioning
HLONFOBITA35AOBHMBLS,Unknown,41.12578,0.731133,"Ajuntament El Masroig, Passeig Progrés, 1",3,Non-critical Corrective
XKUEIDHGG6LYVMYPSBTL,Unknown,41.14374,1.129171,"Edifici Tecnoparc - Av. De Bellissens, 42",1,Preventive
V4ROHFF2KOPNZ9AM3XDL,Unknown,29.13212,-13.462566,"Calle Anzuelo, 30",2,Diagnosis
GKD71AUPS5SRDW1UKTU8,Unknown,41.811066,2.999541,"Carrer Pere Geronès, 4,",0,Commissioning
ITJ7M6UUEPWWA32LCMPM,Unknown,28.864407,-13.831198,Av. De Las Canarias,1,Preventive
C6MO2F42TIESJUOHNC12,Unknown,29.015171,-13.615638,"Ctra. Arrecife A Tinajo, 8",2,Diagnosis
OOI1RCFEHYCDASBZOHIJ,Unknown,40.7073,0.718984,"Av. De Catalunya, 22-30",2,Diagnosis
BEQCXSGPHL8HAXV3BQD1,Unknown,41.723476,1.821824,"Muralla De Sant Francesc, 15",1,Preventive
OVL80WKPCYUROJVYR0CW,Unknown,40.707085,0.718116,"Carrer De Caserna, 16",0,Commissioning
JQBTBSTUHF6JRBBEFOEZ,Unknown,41.72305,1.82836,"Carrer De Montserrat, 6",1,Preventive
UDHTC3SYJ8HEQNZ1CEDV,Unknown,42.03408,1.8814,"Carrer Farguell, 59",1,Preventive
XLRV9ZQG2B1MZIAFILM7,Ajuntament de Gironella - SELBA EdRSR,42.026085,1.886389,"Avinguda Països Catalans, 57P",0,Commissioning
CCCO8K1TPDXFSGWAXUTM,Unknown,41.251064,1.089319,"Carrer Font D'en Baiget, 6",1,Preventive
K0O6ZJIKK37PGMXSMSZX,Unknown,41.68091,0.98579,Plaça Del Bisbe Coll,2,Diagnosis
A9XNOMWOIZQZXMVMCX60,Unknown,41.87443,2.284657,"Carrer De Miquel Martí I Pol, 26",1,Preventive
GS8LSFNZIGZKN9M9MSBS,Unknown,28.09786,-15.455107,"Av Pintor Felo Monzón, 44 Cc 7",2,Diagnosis
U9BZSJP1ZPLNYVRU86TU,Unknown,41.05751,0.44118,"Avinguda De Catalunya, 62",1,Preventive
OY3HTN4FCGRNXKVZIBRY,Unknown,41.05129,0.436174,"Carrer De La Bassa D'en Gaire, 1",1,Preventive
LXYMGYKFXERMTTJ63HUT,Unknown,41.55558,2.400556,"Cerca De Carrer Gran, 58-70, Barcelona",0,Commissioning
VAEYM4C2HJWWMRCHKEKW,Unknown,41.388206,2.007995,"Fotolinera Edifici De La Foneria. Carrer Claverol, 6",1,Preventive
RVAYFN7XGSVDDE9SXWPT,Unknown,41.38356,1.721316,"Carrer Les Escoles, 2",1,Preventive
HCXKOJSXMNLYUR6ZL24D,Unknown,41.26533,1.599518,"Av. De La Generalitat De Catalunya, 23",1,Preventive
KQ4C9MWRJKBIJMTAE8SJ,Unknown,41.09048,1.094045,"Autovía Del Mediterrani, A-7, Km 1148",1,Preventive
PUOGIJ1PBJJ5SP8JLO6X,Unknown,41.48436,2.187951,Cerca De C. Colon 1,1,Preventive
6NB1EX60DVKFMDOGISCE,Unknown,41.536507,2.182178,Carrer De Mossèn Camil Rossell 53,0,Commissioning
IHDVSIX9LJCFJDGIT17T,Unknown,41.533676,2.186242,Aparcament Can Folguera,1,Preventive
YCQOX3MI5UXZJG1S3YL9,Unknown,41.527393,2.186053,Santa Perpètua De Mogoda,2,Diagnosis
1AWRUTBM4DI0IK2WFUCT,Unknown,41.66833,0.60547,"C/ Les Comes,5º Cei",1,Preventive
24DAHSMSCD5RXQVHGVYN,Unknown,41.669792,0.611239,"P.º Del Parque, 25",0,Commissioning
SGGZBRZHW2VZXMGZ9XDN,Unknown,41.825882,2.892983,"Plaça Catalunya, 8",1,Preventive
FI1E0TA8GH4KCD8F3NDZ,Unknown,41.820923,2.897985,"L'esport, Av. De L'esport, S/N,",1,Preventive
ER8KNDF3YUSIPVBQA9WV,Unknown,41.4816,2.054772,"Carretera Rubí A Sant Cugat, 102",0,Commissioning
YSCYTQI3V1UKEGIHOLWU,Unknown,41.480145,2.064758,"Carrer Pau Vila, 22",1,Preventive
PWWO1BIJMJGYUSNTKYSZ,Unknown,41.31738,1.455794,"C/ Major, 23",2,Diagnosis
YAYPTBIDQZNKQ5TYFD90,Unknown,42.266197,2.968559,"Carrer Rubau Donadeu, 4",0,Commissioning
LZQPVWJSA8HN9P9IWBED,Unknown,42.268898,2.959009,"Carrer De La Tramuntana, 33",1,Preventive
HAUX3QTMVOWDSQOGAK0X,Unknown,42.26577,2.970576,"C. Far D'empordà, 6",1,Preventive
U8HDQFOBYGKGHAHBL1JP,Unknown,41.97392,1.87878,Carrer Camí De Sant Marçal,2,Diagnosis
545BGVGXMFNIDYCKJB7D,Unknown,42.25581,3.181156,Carrer Moll Comercial,1,Preventive
CSAFGPQSUUZ7ZFDRFGFN,Unknown,42.146168,1.861437,"Carretera De Ribes, 35",1,Preventive
DGV2RT0MIDI6Y11JYCZY,Unknown,42.230682,1.87782,"Carrer De L'estació, 12B",0,Commissioning
YBUXYDQDRL4USN3XNQMM,Unknown,42.231926,1.881454,"Carr. A Ribes,",2,Diagnosis
DEVIRBY1ALG34FHILMWZ,Unknown,41.913277,1.679941,Plaça Del Portalet,0,Commissioning
O81Z1GXXLO1RAX2WS194,Unknown,41.177746,1.415153,"Av. Catalunya, 6",2,Diagnosis
SSTAGJ9S2EIPALKOFSEF,Unknown,41.747017,2.562573,Poliesportiu Municipal,1,Preventive
WQON23NDTITMF0UERWJV,Unknown,41.748283,2.556334,Plaça De Lluís Companys,2,Diagnosis
GQLE3H8O8GIOLVLLXT8P,Unknown,41.439854,1.159242,"Raval Del Portell, 3, , Tarragona",2,Diagnosis
MMCN7H6VG2EGUUHVB23B,Unknown,41.390682,-5.264096,"Calle Iglesia, 11",1,Preventive
NOOMNSAM0JN2KYRSVDBC,Unknown,41.896008,1.043397,"Carrer Del Camp De Futbol, 1",2,Diagnosis
DGTQ2OLTN9DAMRRMWUDP,Unknown,42.060326,-2.992822,"C. San Miguel, 1",2,Diagnosis
FJDJV5WRWFCD7ICKOLTB,Unknown,40.91758,-6.799069,"Plaza España, Nº2",1,Preventive
JWYZHHSKAVW9V41LFF3Z,Unknown,40.4884,-6.116255,"Av. Batuecas, 22",1,Preventive
OVZ6S32T5HJQUKGTNKIF,Unknown,41.722275,-3.04865,"So-920, 16",0,Commissioning
QTDQQQXO8K880KIHIVAP,Unknown,41.69609,0.632419,"Carrer Ponent, 16",1,Preventive
BH9QLOIYIC0EYQ2N3PTJ,Unknown,41.29705,-3.751541,"C. Sta. Lucía, 1T, 40300 Sepúlveda, Segovia, España",2,Diagnosis
Z2BH4FB8EVFDP8GN7QZZ,Unknown,41.548492,-3.654598,"C. Eras, 18",1,Preventive
XB1L6TFVIOIF43LVPWKA,Unknown,42.94935,-6.395656,"Tr.ª Real, 23D",1,Preventive
1GK7RMHWTWKN8ZDQ35G6,Unknown,42.488617,-6.773433,"S/N, C. Abajo",0,Commissioning
AMXAUW6AHNWJ3FEQIS0P,Unknown,43.13628,-5.038546,"S N, Carretera General, 0",1,Preventive
BTRE5YYGCJOKTKZRTIRT,Unknown,43.006565,-5.275783,"Calle Félix Rodríguez De La Fuente, 9",2,Diagnosis
3P6HZ7S6UKHEEJD1XZYX,Unknown,41.315086,-6.39916,"C. San Juan, 116",1,Preventive
WWCWTX4FPO6LKLZ7ELJD,Unknown,41.855495,-5.595424,"Carretera De Villalpando Km. 1,5",3,Non-critical Corrective
YWTFALKBQOJIQXGASQYI,Unknown,41.60424,-4.762734,"C. Cañada Real, 306",1,Preventive
SFCGGYJAAQW269D6FEMW,Unknown,43.150158,-4.920691,Ctra. Le-2711,0,Commissioning
DJDWUC0RTG8AB9GKCYHU,Unknown,43.040947,-5.091151,Casa Del Parque De Valdeburón,2,Diagnosis
BKUGVHI794GNJAOEFCPX,Unknown,40.34654,-5.175299,"Ctra. De La Plataforma, S/N",0,Commissioning
ZOE1D9FYTMJSDBNZS8H5,Unknown,41.32998,2.104119,"Carrer De Les Moreres, 81 Pb",1,Preventive
UUX8MDOTXXTKNBASHQEM,Unknown,41.33146,2.093881,"Plaça Espanya, 2",2,Diagnosis
HYRZL1SH6LUZUC7LOAAY,Unknown,41.324894,2.093039,"Av. De La Verge De Montserrat, 139Bis",2,Diagnosis
AT5TBWCCUESPHXCWYWMX,Unknown,41.32334,2.08661,"Farmacia, Av. De La Verge De Montserrat, 257",2,Diagnosis
GUVFSHIZRFP5MSVDCR4T,Unknown,41.513325,2.193263,"Carrer De L'estació, 1",1,Preventive
HJVHTVYOV3KYYUNOHZ1X,Unknown,41.409103,2.21935,"Plaça De Willy Brandt, 11-14",3,Non-critical Corrective
UPA7WJXXHNB6XALEK6GX,Unknown,41.51141,2.195612,"Carrer Del Progrés, 4",0,Commissioning
Q4UWUQNBLFDOPMJVQAZ3,Unknown,41.515343,2.196771,"Carrer De Mollet, 16",2,Diagnosis
LTGMXEPFAKFESGV05LNG,Ajuntament d'Aldover - SELBA EdRSR 1,40.87979,0.498793,Vias Verdes Del Baix Ebre,2,Diagnosis
IJOJQSY29VJFD3GVWZCN,Ajuntament de Montferrer - INGETEAM EdRSR 1,42.34126,1.42221,Polígon Industrial De Montferrer Parcel·La B16,1,Preventive
IWPNW38BKPIXBZ9EYVGQ,Unknown,41.30493,0.42722,"Carrer De Sant Joan, 57-55",1,Preventive
WC8FJV4BW8QCK7WTMOLA,Unknown,42.479115,-2.084818,"Pl. De La Diputación, 6",1,Preventive
6N6SJ8ZHNVKGWOT0F0KE,Ajuntament d’Amer - INGETEAM EdRSR 1,42.010418,2.601232,"Avinguda Antoni Gaudí, 0",2,Diagnosis
OUPVLGA5B2TFO9GWASEO,Unknown,41.957703,2.99326,"Carrer Mas Savalls, 2",2,Diagnosis
0ZG6Y24ZH8IRJJXI5O19,Unknown,42.75418,-1.638229,"Pl. Cein, 4",2,Diagnosis
AQUP0IOLIK5OHS4HTI8G,Unknown,42.80149,-1.635289,"Centro De Innovación Tecnológica De Automoción De Nevarro, C. Tajonar",1,Preventive
QIEBL3QZEHOJ62OUYTDR,Unknown,41.385715,2.127817,"C/ De Juan Miguel Gervilla Valladolid, 11",1,Preventive
RWNZU9R8RKQAGUWKSHIV,Ajuntament de Vilablareix - CIRCUTOR EdRSR 1,41.953403,2.792459,"Carrer Del Marroc, 44-46",2,Diagnosis
RQ4WUDW5X9FZ4JQO17KH,Ajuntament de Vilablareix - CIRCUTOR EdRSR 2,41.950268,2.800698,"Avinguda De Lluís Companys, 75",2,Diagnosis
SBEAMDYAAADHW3FA5TYF,Unknown,41.954872,2.799911,"Carrer Dels Pirineus, 33",2,Diagnosis
5SLEYNFEPAKLB73JCU30,Ajuntament de Vilablareix - CIRCUTOR EdRSR 5,41.95583,2.793376,"Carrer Del Marroc, 19",0,Commissioning
VDLNO3DITQMIQODNSKOL,Unknown,41.178085,1.100412,Carrer De L’Hostelera 5,2,Diagnosis
NKDMYD6ZDQBGQ95VM9VL,Unknown,41.180035,1.098655,"Pompeu Fabra, 17",1,Preventive
UIT6LR0G1NVVV4SWW8BB,Ajuntament de Renau - SELBA - EdRSR,41.22441,1.311806,"Cami De La Rulla, 2",2,Diagnosis
Q8VNNWC8W9VSDTYGOWRR,Unknown,41.6967,2.836668,"Carrer Domènech Carles, 14",2,Diagnosis
0WPACBHEO20EO0TGHQF6,Unknown,41.113632,1.038134,"Raval De Sant Joan, 1B",2,Diagnosis
RSCS62KVYRMOAVZHPSSO,Unknown,41.703358,2.83678,Avinguda Càndida Masgrau I Campeny,2,Diagnosis
XUYAVZOLKMI9TVCL9SOK,Unknown,41.491783,2.358136,"Carrer Del Nord, 65",1,Preventive
GNW7AYNNJZMKJUN1RQOR,Unknown,41.49114,2.353694,"Riera De Premià, S/N,",1,Preventive
BQHCJO2XK4UVCLSP7GLB,Unknown,41.496048,2.362125,"C. De Santiago Rusiñol, 53-49",1,Preventive
EQLHFRIWJLWGRIXESJSI,Unknown,41.40173,2.120758,"Via Augusta, 355, Local 3, 08017 Barcelona, España",1,Preventive
1JPVZJZEJGUCV9FU7TZU,Unknown,41.49389,2.372889,"Carrer Segarra, S/N,",0,Commissioning
BC5J9CRYUUUJJZOCJSVM,Ajuntament d'Alcanar - INGETEAM EdRR 1,40.541843,0.482138,"Avinguda De Catalunya, 63",0,Commissioning
LZ7MPT3RIUQJTV2MJSTP,Unknown,41.38966,2.14938,"Carrer Del Comte D'urgell, 234",0,Commissioning
DEIGPJCWFWEIGL9PXGFR,Unknown,41.40626,2.168021,"C/ De St. Antoni Maria Claret, 84",1,Preventive
66V5VZT95INURGZJ1RNX,Ajuntament de Folgueroles - SELBA EdRSR,41.93936,2.321472,"Carrer Josep Maria De Casacuberta, 95",1,Preventive
EWMTPWPD96C2ONAV59QV,Unknown,41.59604,1.63203,"Avinguda D'europa, 26",1,Preventive
OHOUAJFQAURU0ODWQ1WH,Ajuntament de Riells i Viabrea - SELBA EdRSR 1,41.727013,2.542828,"Carrer Dels Esquirols, 14",1,Preventive
ATRGWO4DIPFBJAMBJ3VU,Ajuntament de Riells i Viabrea - SELBA EdRSR 2,41.72598,2.559029,"Av. Can Salvà, 100",1,Preventive
NTIRALZ2AQ7YSERJBJUI,Ajuntament de Vilatorrada - SELBA EdRSR,41.74481,1.806534,"Carrer Vilaseca, 1",1,Preventive
TO22CSRUVMW5PFFQEZM8,Ajuntament de Lliçà d'Amunt - CIRCUTOR EdRSR 1,41.610718,2.2399,"Carrer L'aliança, 14",1,Preventive
CBM6ROZ1QJRGIRCF4IUU,Ajuntament de Lliçà d'Amunt - CIRCUTOR EdRSR 2,41.626617,2.235048,"Carrer De Caldes De Montbui, 136",1,Preventive
CRNM9BR9FNMPDTM7EU6Y,Ajuntament de Lliçà d'Amunt - CIRCUTOR EdRSR 3,41.608845,2.239598,"Carrer Torrent Mardans, 5",1,Preventive
TMMY2PSKWSF3M2OTVUUZ,Ajuntament de Lliçà d'Amunt - CIRCUTOR EdRSR 4,41.59199,2.202968,"Carrer De Palaudàries, 88",0,Commissioning
V2NHMQIA0H2NSUCP7X2S,Ajuntament de Bellvís -  SELBA EdRSR,41.6722,0.817381,"Carrer Domènec Cardenal, 48",2,Diagnosis
MCSE8TNSYNGF4ZEZKRDN,Ajuntament de Lliçà d'Amunt - CIRCUTOR EdRSR 5,41.619534,2.214426,"Carrer De La Matarranya, 18",3,Non-critical Corrective
GYWFS9NT12RJQABNCFO0,Unknown,42.01367,1.84196,Plaça De Santa Maria,2,Diagnosis
QC13GKSLSHZ6Z6TLCAYR,Ajuntament de Canet de Mar - SELBA EdRSR 1,41.59143,2.581095,"Riera Buscarons, 101",0,Commissioning
VTJFC9VZ2IYYMTTVD6TE,Ajuntament de Canet de Mar - SELBA EdRSR 2,41.591667,2.573056,"Carrer Via Cannetum, 2",0,Commissioning
2FQPDBKNYTS0X7S14K1W,Ajuntament de Canet de Mar - SELBA EdRSR 3,41.58888,2.580096,"Riera Gavarra, 24,",3,Non-critical Corrective
OPOMJCBPIFDEH7FWC4R1,Ajuntament de Canet de Mar - SELBA EdRSR 4,41.588818,2.580204,"Riera Gavarra, 24,",1,Preventive
YWMRM61ZU9DD3FE3WVKV,Ajuntament de Gurb - INGETEAM EdRR,41.94592,2.239721,"C/ Jacint Verdaguer, 28-46",1,Preventive
OKIVRLTMLC7BO58XTTH4,Unknown,41.67551,2.80045,Cr. Esplanada Del Port,2,Diagnosis
NCKGX1RFZWC4GJBCNVXC,Unknown,40.71693,0.842422,C/ Port De Riumar S/N,2,Diagnosis
L9UPURMEG8EL3JZA3POH,Unknown,41.58048,2.56309,"Ctra. Port, 25",2,Diagnosis
ZM4HB90SXHWRN0X3QWGW,Unknown,42.119003,3.149316,Cr. Port De La Clota,1,Preventive
IJ9FHS07HOVQM7ZA8FJE,Unknown,42.37199,3.164216,"Carrer Miranda, 3",0,Commissioning
LYHOAOVUT4QZK7FHSEMC,Unknown,40.882774,0.803978,"Ctra. Puerto, S/N",3,Non-critical Corrective
VXIXTGBOFYERM74VWPPM,Unknown,42.338314,3.203374,"Moll De La Timba, 2",1,Preventive
VR6CNSRDCEXNNIUK0B2R,Unknown,40.552387,0.53074,"Carrer De Lepant, 16",2,Diagnosis
HJXSYE6MBFDFRRQERH2X,Unknown,41.780663,3.036449,"Cr. De Cristòfol Colom, 95,",2,Diagnosis
DSRBGV2XEY1PEHTOIZQH,Unknown,40.812195,0.711547,"Calle Mateu Pinyana I Roch, 0, Sn.",1,Preventive
RC0AMRBVSIFJH7UU83AB,Unknown,40.6173,0.593994,Cerca De Avinguda Dels Alfacs,2,Diagnosis
R4UVJEAAOYACTLUFJY6U,Unknown,41.216087,1.733252,Ports De La Generalitat,0,Commissioning
ANCPJHQGGGMPYTPTVCY0,Unknown,41.845394,3.128039,Carrer Moll Port,1,Preventive
L9YLU3DIT4FSI4IEFXK6,Unknown,41.357185,2.127859,"Pl. D'europa, 9",1,Preventive
5F1FDT8VNOGPNP8XKFBB,Unknown,41.357185,2.127859,"Pl. D'europa, 9",0,Commissioning
8LTVNEBG926N71TNEFOC,Unknown,41.357185,2.127859,"Pl. D'europa, 9",1,Preventive
YBVBKQACSSJU8S1XQVBV,Unknown,41.357185,2.127859,"Pl. D'europa, 9",0,Commissioning
WJKVKBUZOHOQWG8PRFHT,Unknown,41.357185,2.127859,"Pl. D'europa, 9",1,Preventive
KIOGMQJOQIOKOJZ8ORFQ,Unknown,41.357185,2.127859,"Pl. D'europa, 9",1,Preventive
1RTVNWPYOVODUCQ69A9Y,Unknown,41.357185,2.127859,"Pl. D'europa, 9",2,Diagnosis
FNCBQPJWAX5FQSDKK7AV,Unknown,41.357185,2.127859,"Pl. D'europa, 9",3,Non-critical Corrective
SUY5DL3YUAZRROBES5EO,Ajuntament de la Vall d'en Bas - SELBA EdRSR,42.120033,2.453448,"Carrer De La Piscina, 0 S/N",1,Preventive
FCYEKVFTXT2DM7WSP4WE,Unknown,41.1595,1.17025,"Carrer D'alemanya, 0",0,Commissioning
XZR8A0FULHYXA6DWYWC8,Unknown,41.38868,2.130875,"Av. Diagonal, 593",2,Diagnosis
9MXBNWFODX7NKH60STBR,Unknown,41.378376,2.144803,"C/ De Tarragona, 157",1,Preventive
EBBQKDN8MIYMWIM5RU3I,Unknown,41.392467,2.162676,"C/ De València, 245",0,Commissioning
U4UUGALHHBGTWCNKYJNR,Unknown,41.397854,2.161422,"C/ De Còrsega, 344",1,Preventive
OL5GMFNRYXV7LOETKAKM,Unknown,41.38261,2.142857,"C/ Del Rosselló, 1",1,Preventive
UCJ8FMYH1XYDBVUX5FQB,Unknown,41.397808,2.161183,"Josel Corsega, Carrer De Còrsega, 344",1,Preventive
2LZHWZXLAKSMY05UFQBX,Unknown,41.41066,2.137401,"Pg. De Sta. Gervasi, 51",2,Diagnosis
WBUKG8Y4CEOFT6J9ESDW,Ajuntament de Vic,41.92701,2.2482,"Av. Del Mercat, 4",0,Commissioning
FOWDU8FGGPRQOXMRJFX2,Ajuntament de Vic - CIRCUTOR EdRSR 2,41.933502,2.248226,"Carrer De Miramarges, 4",1,Preventive
XFF1KKVSGMDOTWDOJTNF,Ajuntament de Vic - CIRCUTOR EdRSR 3,41.926846,2.245814,"Av. Del Mercat, 6",1,Preventive
QJSCZDOFLQ5MEMH9O6WR,Ajuntament de Vic - INGETEAM EdRSR 4,41.934113,2.26019,Carrer Gravat Crosta S/N,0,Commissioning
Z50VOCJ6UBXF9MYLSXDX,Ajuntament de Vic - CIRCUTOR EdRSR 5,41.92479,2.253852,"Passatge De La Generalitat, 3",1,Preventive
5ZKLXP5HXIIAWVHGB16V,Ajuntament de Vic - CIRCUTOR EdRSR 7,41.94098,2.255177,"Carrer De Santa Coloma De Farners, 6",1,Preventive
RVGQHGTAZH9MWBN1DHR9,Ajuntament de Pont de Suert - LAFON EdRR,42.408722,0.740063,"Carrer De Sant Sebastià, 16",0,Commissioning
DD6WT5HC7PXXFPP0OK9A,Unknown,42.00057,2.283364,Plaça Fra Bernardí,1,Preventive
PH32PNXFG1X1GOCNRUW3,Unknown,41.37756,2.088423,"Plaça Santa Magadalena, 5",2,Diagnosis
SUHAEYCZURYNS4CS0KJC,Unknown,41.44631,1.973971,"Carrer Iglesias, 6",2,Diagnosis
ASHFZJ8MKFBLUV9YFSBE,Unknown,41.41223,2.019996,"Carrer De Sant Antoni Maria Claret, 1 Bis",1,Preventive
GKI3B3HKTB5JXVW9DBMI,Unknown,41.357815,2.101878,"Avinguda Carrilet, 312-314",1,Preventive
K7DLREEVTRBEEKGCFXZS,Unknown,41.382004,2.048048,"Carrer Pi I Margall, 43",1,Preventive
PSOV3DMHFTCFNYDQHVQN,Ajuntament de Vallgorguina - INGETEAM EdRR,41.648064,2.509397,"Carr. Nova, 54",1,Preventive
BFALMH2VXBCIFUPZOHQG,Unknown,41.376953,2.074585,"Avinguda De La Generalitat De Catalunya, 10",1,Preventive
J8EGXFBMAW33GE5TGOZW,Unknown,42.25659,3.181355,"Port De Roses, S/N",0,Commissioning
F06RLHMZDCR0MRPI8HTK,Unknown,41.463978,2.273837,"Carrer De Marina, 113",0,Commissioning
HNXZ19QUK9KQECSSRXWV,Unknown,41.478683,1.977648,"Carrer Agricultura, 1",1,Preventive
GTOGCU4FSLIXY8BAVHFH,Unknown,41.337593,1.992518,"Camí Camagriga, 1",2,Diagnosis
ZFATTK1OH0JWSYODHTJG,Unknown,41.405937,2.127265,"Carrer De Vilana, 12",0,Commissioning
YFVFDAMJAHWQE78STQGU,Unknown,41.513954,2.118892,"Carrer De L'estació, 3",2,Diagnosis
T5LN3BXXZ20CMFYPBQGT,Unknown,41.278793,1.980029,"Carrer Antic Camí Ral De València, 1",2,Diagnosis
AOMHFNAJTDYB8KRAOIVJ,Unknown,41.413406,2.194702,"Plaça De Victòria Kent, 65, 08018 Barcelona, España",1,Preventive
YHWHS6DRET7CN4GB1QJX,Unknown,41.52736,2.234782,"Avinguda D'en Piera, 51,",0,Commissioning
QBNNK26P2NJADNY0ZIAO,Ajuntament de Martorelles - SELBA EdRSR,41.527725,2.229863,"Avinguda D'en Piera, 40",1,Preventive
NEZ6UZSNRMWIGHBG3MAI,Ajuntament de Sant Boi de Lluçanes - SELBA EdRSR 1,42.059002,2.151578,"Passeig Del Lluçanès, 8",1,Preventive
HEMRDQB1YRX97CDVL0I1,Ajuntament de Brull - SELBA EdRSR 1,41.816532,2.304947,"Carrer Dels Afores, S-N",0,Commissioning
E1IKP0FNMDHVCP3NP7HM,Ajuntament d'Altafulla - INGETEAM EdRR,41.14001,1.374338,"Carrer Marqués De Tamarit, 16A",1,Preventive
2TS4B6W6VG8TUCWIIGJX,Unknown,41.560112,2.014502,"C. Telers, 16",2,Diagnosis
FRMXDNXEHMWPTJRFIUVD,Ajuntament de Sant Celoni - VEGA EdRR 1,41.69232,2.487575,"Plaça Sector Residenc. Esports, 49",1,Preventive
QOEIBYGABO2JQTDMPURJ,Ajuntament de Palafolls - SELBA EdRSR 1,41.669018,2.75167,"Carrer De Mas Pinell, 53",1,Preventive
NPKBSQAFGDWZWQDINYOD,Ajuntament Lliçà de Vall - CIRCUTOR EdRSR  6,41.586613,2.239414,"Plaça De La Vila, 15",0,Commissioning
QQ1MYBIF0MUVW7CHS1YJ,Unknown,27.868458,-15.429197,"C. 6-B Izquierda, 1",2,Diagnosis
0VYTCSVRRPXMLKCC9UKF,Unknown,27.868458,-15.429197,"C. 6-B Izquierda, 1, 35118 Agüimes, Las Palmas, España",0,Commissioning
SP0UOK82INM9SWJVCEUF,Unknown,27.86836,-15.429031,"C. 6-B Izquierda, 1, 35118, Agüimes,",0,Commissioning
3DD20KCJBEBIBKKCLZ37,Ajuntament d'Ullastret - SELBA EdRSR 1,42.002262,3.066907,"C. Josep Romaguera I Vila, 1",0,Commissioning
R0FCZEQEZHOLGYGOPP0M,Unknown,28.497969,-13.881748,"Calle El Henequen, 39",0,Commissioning
10UDLXXQGZEIETZ6MP7O,Unknown,28.521276,-13.843146,"C. La Nasa, 18, 35600 Puerto Del Rosario, Las Palmas, España",0,Commissioning
AHERUFQ1WFE7HGZPULV7,Unknown,28.429169,-13.872655,"C. La Barcina, 52, 35600 Puerto Del Rosario, Las Palmas, España",1,Preventive
JIZMW7UC6F0BWBH9N5HK,Ajuntament de Miralcamp - SELBA EdRSR 1,41.60628,0.880803,"Carrer La Creu, 38,",1,Preventive
YQ9CD2NEJZ6FFBKUENE6,Unknown,41.230064,1.376145,"Passeig Joan Creus Cañellas, 2",1,Preventive
SS1YMJNOI8UILSUBETKJ,Ajuntament de Miralcamp- Selba EdRSR 20,41.60624,0.880908,Carrer Belianes,2,Diagnosis
W2OCIJ61DVKGVJ0YUJN0,Unknown,41.17524,1.327616,"Avinguda Catalunya, 21",4,Critical Corrective
QY0FQOUSJZ9RIRJZSMQA,Ajuntament dels Pallaresos,41.168575,1.274208,"Av. Prats De Motllo, 3C",1,Preventive
TXEYEGQZRZGEOJIF3JLF,Ajuntament de La Secuita,41.20321,1.27781,Carretera Vallmoll,1,Preventive
YMRYZK5GGTVTJPDBF5X0,Unknown,41.20896,1.203214,"C. De Jaume I, 4",0,Commissioning
27ZQMZVSY3QN1XXFUMMB,Unknown,42.195942,2.499201,"De La, Carretera De La Canya, 115",1,Preventive
AQTCC1V3PE2CCL7XH2JZ,Unknown,42.137707,1.932889,"Carrer De Mossèn Joan Aymerich, 2",1,Preventive
OBVJQW6RFTE49323TX43,Ajuntament de pla,41.365845,1.28832,"Plaça De La Vila, 1,  El Pla De Santa Maria,",1,Preventive
T0DPHQDX9MGHIEDQJKLK,Unknown,41.248447,1.330763,"Carrer Del Patrocini, 26-16",3,Non-critical Corrective
CEI434HE7RN68QXXFUTK,Unknown,41.363144,1.29282,"Av. Gaudí, 111",1,Preventive
EWLIU4ZJLPOWUEKQKA38,Unknown,41.4864,2.050093,"Carrer Del Danubi, S/N",0,Commissioning
QJZKPXQRR8JAIQFGNEGZ,Unknown,41.18683,0.749385,"Carrer Dels Masons, 2,",3,Non-critical Corrective
S9CFZPS8XGBV9RCTCGC5,Unknown,42.038567,2.90847,"Carrer Pavelló, 8",3,Non-critical Corrective
YZJHFW32GRPKMYSSBUOX,Unknown,41.214832,1.135892,"Hort Del Tàrrech,",0,Commissioning
CTNNU7K18FYAVJT3QAD8,Unknown,41.16175,1.440501,"Carretera N-340, Km. 1180,",0,Commissioning
WZSX0C5FCN31DWEGLW43,Unknown,41.16167,1.440585,"Carretera N-340, Km. 1180,",1,Preventive
80ATVZR2VJM30OAK1MVI,Unknown,42.000484,3.032022,"Carrer Sant Isidre, 7",2,Diagnosis
4NFAN6HZTURSKVCKDMZY,Unknown,41.900486,2.769086,"Carretera Nacional 156 Km. 1,6 Cim",1,Preventive
W8YP6Z9DMW6LRUC41NRJ,Unknown,41.532814,0.487578,Plaça De Santiago Miret,1,Preventive
PA0OI9SRT5SYZJVTEYNX,Unknown,41.191113,1.203596,"Av. Camí De Reus, 15,",2,Diagnosis
DXBLDEOL2FNTNXTLRWIJ,Unknown,41.191387,1.208006,Av. De Catalunya,1,Preventive
JELDXHW0VLF4OHA6HQPL,Unknown,39.974857,-3.420223,"Polígono 40, 37,",1,Preventive
OEX9UW9PWIAMMT75OIAN,Unknown,40.758312,0.599443,Polígono Industrial Cataluña Sur,0,Commissioning
2VBS25EO8UH7DAOBSYDF,Unknown,42.22301,1.893869,Torrent De La Font De Castell,1,Preventive
OH1EHTNZP3DE64P9GVMU,Unknown,42.24436,-1.777165,"C,2, Pol. Ind. El Olivo,",2,Diagnosis
JPG4YPNHJKQMPZZOYQQQ,Unknown,41.387672,2.173249,"Via Laietana, 61",2,Diagnosis
ATOVPGPIANDRHYPBFZR4,Unknown,41.391056,2.168214,"C/ De La Diputació, 264",1,Preventive
BTIRWHTOMHIB16HBANP5,Ajuntament de Santa Perpètua de Mogoda - SELBA  EdRSR 3,41.528797,2.183975,"Carrer De Puig I Cadafalch, 6421 - 08130 - Santa Perpètua De Mogoda",0,Commissioning
3GJA33SY1XXLJVIXTMAJ,Unknown,41.537075,2.176923,"Carrer De La Creueta, 9",0,Commissioning
LFN5ODKLUZ3M7ADTKZQY,Ajuntament de Santa Perpètua de Mogoda - SELBA  EdRSR 1,41.528835,2.183938,"Carrer De Puig I Cadafalch, 6421",0,Commissioning
V6IANAZJRDOC18IFIJTV,Unknown,41.527393,2.186053,Camí De La Granja,1,Preventive
ZAODB9DGINGYKVD0VM7J,Ajuntament de Santa Perpètua de Mogoda - SELBA  EdRSR 4,41.534424,2.182141,Plaça Nova,0,Commissioning
YVCN4J4JNDK1RXW3PQAK,Unknown,41.526756,2.187083,"Passeig De La Florida, 89",2,Diagnosis
HZ0XKJGYMF2QSGALGLT3,Unknown,41.700462,1.874583,Carrer Jover Barrier,0,Commissioning
7DENPNY7WTWMQMCZYH61,Unknown,42.246677,0.966547,"Carrer De La Font, 14,",2,Diagnosis
7IIWG8AWXYGSDAOAANGM,Unknown,41.57525,2.482971,"Passeig Jaume Brutau, 0",0,Commissioning
2RXUYF91UGBKMDXA8WIS,Unknown,41.55609,2.49777,"Av. Can Sans, 8",1,Preventive
MSIDU9MNAUZZHAGPNTX2,Unknown,41.002842,0.60041,"Carrer Diagonal, 19",1,Preventive
ESBM843FDDPJT4PB6VMR,Unknown,41.673542,0.608108,"Carrer Mare De Déu De Montserrat, 11",1,Preventive
IV7PPYFOPSQJCYF46GYL,Ajuntament de Saldes - INGETEAM EdRSR 1,42.22859,1.735113,Plaça Pedraforca,2,Diagnosis
9JH8VQ5ABVI9ZECCZMRG,Unknown,41.538685,2.441829,Plaça De Les Tereses 7,0,Commissioning
MEY7EL6DACGIPOTHT1QB,Unknown,41.544277,2.44046,Camí De La Geganta 2,2,Diagnosis
QDCF7L93QH2XRBZMP0ND,Unknown,41.538647,2.441875,"Plaça De Les Tereses, 7",0,Commissioning
IMJH6NVBWQ5WVVIIBHAG,Unknown,41.544575,2.440358,"Camí De La Geganta 2,",2,Diagnosis
4NOCPZKQPDREKSEH431G,Unknown,41.544495,2.440207,"Camí De La Geganta 2,",1,Preventive
N3YXDQRIGGDPVIS6QDQ1,Unknown,41.541367,2.436565,Camí De La Geganta 82,0,Commissioning
AXQ0VXSX9NVS14CBYSRF,Unknown,41.541225,2.436194,"Camí De La Geganta, 82",0,Commissioning
9ZLEO4ICMIE5S1DUXCER,Unknown,41.541172,2.436,"Camí De La Geganta 82,",0,Commissioning
AUX8L9TYDV2TGRHKQAOA,Ajuntament de Terrassa - SELBA EdRSR 1,41.550934,2.033058,"Carrer De L'esla, 34,",3,Non-critical Corrective
KRWJTFKFPQ2VWPXBCM4K,Unknown,41.540436,2.033283,"Colom Ii, Carrer De Venus, 72",1,Preventive
AWBCMNN81WLZLXLCRIL1,Unknown,41.205845,1.524279,"Carretera De Sant Vicenç, S/N,",1,Preventive
MPGJMAAX8EL0WKPL6VOT,Ajuntament de Moià - CIRCUTOR EdRSR,41.811253,2.096896,"Carrer De La Tosca, 8, El Moianès",0,Commissioning
2Y5P6HF1X0CSDYMGHCBL,Ajuntament de Sant Julià de Llor i Bonmatí - SELBA EdRSR 1,41.967976,2.670316,"Plaça Don Manuel, 1",2,Diagnosis
VVJBGQ6TDFWBVPQ2OWCP,Ajuntament de Roura -,41.223045,1.21702,"Carrer Catalunya, 1,",0,Commissioning
F60N0YOFJOSG96NIYFQ6,Unknown,42.597973,-1.644283,"C. Zurialdea, 18",1,Preventive
QDS4BJBKNKEWSZJRPMDH,Unknown,42.828,-1.595196,"Av. Ugarrandia, 2, Polideportivo",1,Preventive
MW5BP4Y6DYWRUS5PERXJ,Unknown,42.828068,-1.592177,"Perez Goyena, 12,",1,Preventive
JKPOPVGFAXJY4CD5BPOQ,Unknown,41.634052,2.723631,"Alegria Mar Mediterrània, Paseo Marítimo, S/N, 08398",2,Diagnosis
LZN4E4ROC2KBVD6CFLM7,Ajuntament de Sant Feliu de Codines - SELBA EdRSR 3 - 4,41.68916,2.164644,"Avinguda Generalitat, 1",1,Preventive
JQ4KIIQZIFCQFRDWHEYV,Unknown,41.113384,1.217581,"Carrer D, 3",2,Diagnosis
LL18ZHXN0A5DQVR6HCEZ,Unknown,42.603527,-1.64649,"C. Elena Aranguren, 1",0,Commissioning
AZLUSDEYNUU3CMSK2XLN,Unknown,40.999863,0.916836,"Carrer Del President Companys, 79-70",4,Critical Corrective
1CCNIRDX94XBS20N2YJ7,Ajuntament de Torroella de Montgrí - CIRCUTOR EdRSR 1 -2,42.041985,3.128976,"Carrer D'enric Morera, 19",1,Preventive
BMMUIPBB3DAZNTBALHJS,Ajuntament de Torroella de Montgrí - CIRCUTOR EdRSR 2,42.039516,3.123003,"Carrer Safareig, 21,",1,Preventive
YCMAWH9KSSIE7V50RUIN,Unknown,42.17859,3.104962,"Carrer De Josep Tarradellas, 2",1,Preventive
